query	recent_clicks	prior_clicks	click_delta	recent_impressions	prior_impressions	impression_delta	recent_ctr	prior_ctr	recent_position	prior_position
"""bodytune"" ""reshape"" tool"	0	0	0	10	5	5	0.0	0.0	9.4	9.4
"""bodytune"" reshape tool"	0	0	0	11	5	6	0.0	0.0	9.454545454545455	10.6
"""shoulder-to-waist ratio"" ""1.6"" ""archives of sexual behavior"""	0	0	0	2	14	-12	0.0	0.0	4.5	6.357142857142857
"""visual cues definition"""	0	0	0	12	9	3	0.0	0.0	21.833333333333332	16.77777777777778
(gainframe app what is it) (site:x.com or site:gainframe.app)	0	0	0	1	45	-44	0.0	0.0	1.0	1.0
(gainframe.app) (site:x.com or site:gainframe.app)	0	0	0	1	10	-9	0.0	0.0	1.0	1.0
1.3 shoulder to waist ratio	0	0	0	17	0	17	0.0	0.0	9.411764705882353	
1.4 shoulder to waist ratio	0	0	0	39	0	39	0.0	0.0	6.051282051282051	
1.4 shoulder to waist ratio male	0	0	0	24	0	24	0.0	0.0	8.166666666666668	
1.5 shoulder to waist ratio	0	0	0	51	0	51	0.0	0.0	6.254901960784314	
1.6 ratio shoulder waist	0	0	0	19	0	19	0.0	0.0	8.578947368421051	
1.6 shoulder to waist ratio	1	0	1	330	0	330	0.0030303030303030303	0.0	9.139393939393939	
1.6 to 1 shoulder to waist ratio	0	0	0	20	0	20	0.0	0.0	10.5	
1.6 v taper	0	0	0	13	0	13	0.0	0.0	10.76923076923077	
1.6 waist to shoulder ratio	0	0	0	23	0	23	0.0	0.0	9.0	
1.618 shoulder to waist ratio	0	0	0	23	1	22	0.0	0.0	6.782608695652174	11.0
1.7 shoulder to waist ratio	0	0	0	50	0	50	0.0	0.0	7.8	
1.8 shoulder to waist ratio	0	0	0	35	2	33	0.0	0.0	5.571428571428571	6.5
10 body fat	0	0	0	12	0	12	0.0	0.0	33.833333333333336	
12 inch biceps	0	0	0	19	0	19	0.0	0.0	12.157894736842104	
12 inch forearms	0	0	0	17	9	8	0.0	0.0	8.058823529411764	6.555555555555555
12.5 inch biceps	0	0	0	26	0	26	0.0	0.0	9.115384615384615	
12.5 inch biceps men	0	0	0	15	0	15	0.0	0.0	8.466666666666667	
13 inch arms	0	0	0	12	0	12	0.0	0.0	14.333333333333334	
13 inch biceps	0	0	0	56	0	56	0.0	0.0	13.5	
13 inch biceps male	0	0	0	19	0	19	0.0	0.0	7.947368421052632	
13 inch forearms	0	0	0	26	14	12	0.0	0.0	7.0	6.285714285714286
13.5 inch arms	0	0	0	14	3	11	0.0	0.0	6.928571428571429	8.666666666666668
13.5 inch biceps	0	0	0	16	2	14	0.0	0.0	11.0	3.5
14 inch arm	0	0	0	11	0	11	0.0	0.0	10.181818181818182	
14 inch arms	0	0	0	54	0	54	0.0	0.0	9.462962962962964	
14 inch arms flexed	0	0	0	14	0	14	0.0	0.0	9.428571428571429	
14 inch arms men	0	0	0	10	0	10	0.0	0.0	10.3	
14 inch bicep	0	0	0	32	0	32	0.0	0.0	9.5	
14 inch biceps	0	0	0	36	0	36	0.0	0.0	10.61111111111111	
14.5 biceps size	0	0	0	10	1	9	0.0	0.0	7.8	1.0
14.5 inch arms	0	0	0	48	4	44	0.0	0.0	9.541666666666666	7.75
14.5 inch biceps	0	1	-1	43	4	39	0.0	0.25	8.488372093023255	1.0
14.5 inch biceps flexed	0	0	0	12	1	11	0.0	0.0	8.5	11.0
15 body fat	0	0	0	22	0	22	0.0	0.0	27.318181818181817	
15 body fat male	0	0	0	46	0	46	0.0	0.0	38.93478260869565	
15 body fat male look like	0	0	0	34	0	34	0.0	0.0	8.235294117647058	
15 body fat men	0	0	0	21	0	21	0.0	0.0	34.904761904761905	
15 inch arms men	0	0	0	10	0	10	0.0	0.0	7.6	
15 inch bicep	0	0	0	23	0	23	0.0	0.0	9.826086956521738	
15 inch biceps	0	0	0	31	1	30	0.0	0.0	10.129032258064516	1.0
15 inch forearms	0	0	0	23	6	17	0.0	0.0	8.347826086956522	8.333333333333332
15 inch shoulders	0	0	0	1	18	-17	0.0	0.0	8.0	6.611111111111111
15-17% bf cut, bulk or recomp	0	0	0	0	40	-40	0.0	0.0		3.7
16 inch thighs	0	0	0	14	2	12	0.0	0.0	7.285714285714286	9.0
18 body fat	0	0	0	54	2	52	0.0	0.0	18.555555555555557	2.0
18 body fat female	0	0	0	10	7	3	0.0	0.0	18.4	43.714285714285715
18 body fat male	0	0	0	43	4	39	0.0	0.0	13.30232558139535	40.0
18 body fat men	0	0	0	106	1	105	0.0	0.0	6.716981132075472	2.0
18 body fat women	0	0	0	42	9	33	0.0	0.0	15.5	41.333333333333336
18 percent body fat	0	0	0	11	1	10	0.0	0.0	18.818181818181817	2.0
18% body fat male	0	0	0	19	4	15	0.0	0.0	8.789473684210527	11.5
18% body fat man	0	0	0	16	0	16	0.0	0.0	4.5	
18% body fat men	0	0	0	15	0	15	0.0	0.0	11.066666666666666	
19 inch thighs	0	0	0	14	4	10	0.0	0.0	9.0	15.25
20 body fat	0	0	0	46	0	46	0.0	0.0	24.17391304347826	
20 body fat male	0	0	0	31	1	30	0.0	0.0	25.258064516129032	42.0
20 body fat women	0	0	0	12	5	7	0.0	0.0	54.5	45.0
20 inch thighs	0	0	0	16	3	13	0.0	0.0	8.25	3.0
20 inch thighs female	0	0	0	12	3	9	0.0	0.0	7.333333333333333	3.6666666666666665
20 percent body fat	0	0	0	17	0	17	0.0	0.0	43.411764705882355	
20% fat	0	0	0	21	0	21	0.0	0.0	17.761904761904763	
21 inch thighs female	0	0	0	19	4	15	0.0	0.0	7.2105263157894735	1.0
22 inch thighs	0	0	0	20	3	17	0.0	0.0	8.25	11.666666666666666
22 inch thighs woman	0	0	0	10	1	9	0.0	0.0	9.1	1.0
23 inch thighs	0	0	0	18	7	11	0.0	0.0	7.333333333333333	11.857142857142858
23 inch thighs female	0	0	0	18	4	14	0.0	0.0	6.777777777777778	13.5
24 inch thighs female	0	0	0	12	8	4	0.0	0.0	6.583333333333333	8.0
24 inch waist	0	0	0	22	0	22	0.0	0.0	43.63636363636363	
25 % body fat	0	0	0	11	0	11	0.0	0.0	4.454545454545455	
25 bf man	0	0	0	14	0	14	0.0	0.0	2.7142857142857144	
25 body fat	0	0	0	72	2	70	0.0	0.0	17.916666666666668	2.0
25 body fat male	1	0	1	59	1	58	0.01694915254237288	0.0	6.186440677966102	2.0
25 body fat men	0	0	0	29	5	24	0.0	0.0	13.137931034482758	10.6
25 body fat women	0	0	0	13	4	9	0.0	0.0	39.61538461538461	37.25
25 fat men	0	0	0	19	0	19	0.0	0.0	2.0	
25 fat women	0	0	0	11	0	11	0.0	0.0	6.454545454545454	
25 inch thighs	1	0	1	17	5	12	0.058823529411764705	0.0	7.352941176470588	8.4
25 inch thighs female	0	0	0	10	10	0	0.0	0.0	6.0	4.6
25 inch thighs male	1	0	1	17	4	13	0.058823529411764705	0.0	7.588235294117647	4.25
25% body fat male	0	0	0	16	1	15	0.0	0.0	2.375	2.0
25% body fat men	0	0	0	12	0	12	0.0	0.0	13.916666666666666	
27 body fat woman	0	0	0	4	10	-6	0.0	0.0	22.5	24.8
28 inch biceps	0	0	0	12	0	12	0.0	0.0	9.916666666666666	
30 body fat	0	0	0	53	0	53	0.0	0.0	14.39622641509434	
30 body fat female	0	0	0	15	7	8	0.0	0.0	38.266666666666666	44.42857142857143
30 body fat women	0	0	0	27	10	17	0.0	0.0	20.22222222222222	48.6
30 inch waist	0	0	0	16	2	14	0.0	0.0	28.9375	29.5
30 inch waist men	0	0	0	11	4	7	0.0	0.0	4.909090909090909	8.0
30 inch waist woman	0	0	0	13	5	8	0.0	0.0	28.692307692307693	31.6
30% body fat woman	0	0	0	14	0	14	0.0	0.0	6.714285714285714	
30% fat woman	0	0	0	11	0	11	0.0	0.0	6.7272727272727275	
31 inch waist	0	0	0	10	5	5	0.0	0.0	23.1	39.0
31 inch waist size	0	0	0	9	14	-5	0.0	0.0	22.11111111111111	24.714285714285715
33 body fat male	0	0	0	41	0	41	0.0	0.0	2.0	
33 inch waist	0	0	0	10	1	9	0.0	0.0	15.6	34.0
33% body fat male	0	0	0	10	11	-1	0.0	0.0	1.9	1.8181818181818183
34 inch hips	0	0	0	0	18	-18	0.0	0.0		10.055555555555555
34 inch waist men	0	0	0	3	30	-27	0.0	0.0	10.666666666666666	6.666666666666667
34 inch waist size female	0	0	0	28	2	26	0.0	0.0	9.0	32.5
34 inch waist woman	0	0	0	33	4	29	0.0	0.0	12.696969696969697	28.5
35 body fat	0	0	0	12	0	12	0.0	0.0	21.166666666666668	
35 body fat female	0	0	0	10	0	10	0.0	0.0	21.7	
35 inch waist	0	0	0	17	7	10	0.0	0.0	23.470588235294116	29.0
35 inch waist female size	1	0	1	17	1	16	0.058823529411764705	0.0	9.941176470588236	10.0
35 inch waist men	0	1	-1	7	14	-7	0.0	0.07142857142857142	7.714285714285714	8.714285714285715
35 inch waist woman	0	0	0	36	3	33	0.0	0.0	12.027777777777779	33.333333333333336
37 inch waist	0	0	0	45	6	39	0.0	0.0	10.422222222222222	19.5
37 inch waist female	0	0	0	16	1	15	0.0	0.0	2.75	37.0
37 inch waist women's size	0	0	0	30	10	20	0.0	0.0	5.533333333333333	6.5
37-inch waist female	0	0	0	2	13	-11	0.0	0.0	3.0	3.6153846153846154
39 in waist woman	0	0	0	18	2	16	0.0	0.0	6.666666666666667	8.5
39 inch hips	0	0	0	0	40	-40	0.0	0.0		10.3
39 inch waist	0	0	0	43	22	21	0.0	0.0	8.581395348837209	11.409090909090908
39 inch waist men	0	0	0	1	15	-14	0.0	0.0	7.0	7.4
39 inch waist woman	0	0	0	18	8	10	0.0	0.0	6.222222222222222	9.625
3d body measurement app	0	0	0	36	24	12	0.0	0.0	12.0	12.125
3d body measurement software	0	0	0	15	9	6	0.0	0.0	16.266666666666666	25.0
3d body scan app	2	0	2	32	9	23	0.0625	0.0	7.0625	10.666666666666666
3d body scanner app	1	1	0	31	31	0	0.03225806451612903	0.03225806451612903	7.258064516129032	10.870967741935484
3d body scanning app	1	0	1	15	7	8	0.06666666666666667	0.0	10.0	8.714285714285715
3d body visualizer	0	0	0	16	0	16	0.0	0.0	57.75	
40 body fat	0	0	0	51	4	47	0.0	0.0	12.588235294117647	40.5
40 body fat female	0	0	0	53	3	50	0.0	0.0	10.283018867924529	50.0
40 body fat women	0	0	0	21	0	21	0.0	0.0	9.714285714285714	
40 hips	0	0	0	0	11	-11	0.0	0.0		10.454545454545455
40 in hips	0	0	0	0	16	-16	0.0	0.0		10.5
40 inch chest	0	0	0	54	9	45	0.0	0.0	5.5	6.777777777777778
40 inch hip	0	0	0	0	13	-13	0.0	0.0		9.692307692307692
40 inch hips	0	0	0	0	26	-26	0.0	0.0		10.23076923076923
40 inch hips woman	0	1	-1	0	16	-16	0.0	0.0625		7.4375
40 inch waist	0	0	0	92	3	89	0.0	0.0	7.684782608695652	10.333333333333334
40 inch waist men	0	0	0	12	20	-8	0.0	0.0	6.0	8.35
40 percent body fat	0	0	0	11	0	11	0.0	0.0	14.272727272727273	
40 percent body fat female	0	0	0	21	0	21	0.0	0.0	9.0	
40% body fat	0	0	0	31	0	31	0.0	0.0	13.129032258064516	
40% body fat woman	0	0	0	13	0	13	0.0	0.0	11.0	
40% bodyfat	0	0	0	11	0	11	0.0	0.0	6.2727272727272725	
41 inch chest	0	0	0	12	1	11	0.0	0.0	7.916666666666667	13.0
41 inch hips	0	0	0	0	24	-24	0.0	0.0		7.041666666666667
42 inch chest	0	0	0	38	9	29	0.0	0.0	8.368421052631579	9.666666666666666
42 inch hip	0	0	0	0	10	-10	0.0	0.0		8.1
42 inch hips	0	0	0	1	37	-36	0.0	0.0	3.0	8.35135135135135
42 inch hips woman	0	0	0	0	11	-11	0.0	0.0		7.090909090909091
43 inch chest	0	0	0	12	2	10	0.0	0.0	8.25	9.5
43 inch hips woman	0	1	-1	0	12	-12	0.0	0.08333333333333333		7.0
44 inch chest man	0	0	0	13	4	9	0.0	0.0	5.769230769230769	6.5
45 inch chest	0	0	0	19	13	6	0.0	0.0	9.105263157894736	6.461538461538462
45 inch chest men	1	0	1	13	0	13	0.07692307692307693	0.0	6.461538461538462	
45 inch hips	0	0	0	0	23	-23	0.0	0.0		8.652173913043478
46 inch chest	0	0	0	16	1	15	0.0	0.0	9.0625	10.0
46 inch shoulder circumference	0	0	0	10	0	10	0.0	0.0	10.6	
47 inch chest	0	0	0	10	8	2	0.0	0.0	10.3	10.625
48 inch chest	0	0	0	13	3	10	0.0	0.0	11.384615384615385	14.333333333333334
48 inch waist woman	0	0	0	10	2	8	0.0	0.0	60.8	49.0
50 inch shoulder circumference	0	0	0	10	0	10	0.0	0.0	9.0	
50 inch waist woman	0	0	0	22	8	14	0.0	0.0	19.818181818181817	24.0
52 inch shoulder circumference	0	0	0	26	0	26	0.0	0.0	5.576923076923077	
52 inch shoulders	0	0	0	0	11	-11	0.0	0.0		10.727272727272727
6 inch biceps	0	0	0	12	1	11	0.0	0.0	11.0	11.0
60 inch waist woman	0	0	0	13	2	11	0.0	0.0	12.923076923076923	26.0
8 bf man	0	0	0	10	0	10	0.0	0.0	10.8	
8 body fat	0	0	0	199	3	196	0.0	0.0	9.180904522613066	2.0
8 body fat male	0	0	0	120	0	120	0.0	0.0	8.941666666666666	
8 bodyfat	0	0	0	11	0	11	0.0	0.0	7.7272727272727275	
8 de body fat	0	0	0	10	0	10	0.0	0.0	11.4	
8 inch biceps	0	0	0	18	0	18	0.0	0.0	9.166666666666666	
8 percent body fat	0	0	0	37	0	37	0.0	0.0	11.486486486486486	
8 percent body fat male	0	0	0	24	0	24	0.0	0.0	10.541666666666666	
8% body fat	0	0	0	141	1	140	0.0	0.0	9.333333333333334	2.0
8% body fat male	0	0	0	34	0	34	0.0	0.0	10.411764705882353	
8% body fat man	0	0	0	20	0	20	0.0	0.0	7.95	
8% body fat men	0	0	0	12	1	11	0.0	0.0	8.25	16.0
8% bodyfat	0	0	0	98	0	98	0.0	0.0	8.214285714285715	
9 inch biceps	0	0	0	12	1	11	0.0	0.0	8.0	11.0
acsm beginner resistance training 2-3 days per week 8-12 reps official	0	0	0	11	0	11	0.0	0.0	9.727272727272727	
acsm resistance training beginner 2-3 days per week 8-12 repetitions official	0	0	0	14	25	-11	0.0	0.0	9.071428571428571	6.84
acsm resistance training frequency adults official position stand	0	0	0	6	13	-7	0.0	0.0	7.333333333333333	7.615384615384615
acsm resistance training guidelines 2-3 days per week 8-12 repetitions official	0	0	0	32	15	17	0.0	0.0	8.0	6.466666666666667
acsm resistance training guidelines adults frequency sets repetitions official	0	0	0	2	12	-10	0.0	0.0	6.5	5.416666666666667
acsm resistance training guidelines novice 2-3 days per week 8-12 repetitions official	0	0	0	12	0	12	0.0	0.0	9.833333333333334	
acsm resistance training novice 2-3 days per week 8-12 repetitions official	0	0	0	30	7	23	0.0	0.0	10.0	7.428571428571429
acsm resistance training novice 2-3 days per week 8-12 repetitions official position stand	0	0	0	13	21	-8	0.0	0.0	7.461538461538462	8.19047619047619
acsm resistance training progression hypertrophy position stand sets reps frequency official	0	0	0	9	14	-5	0.0	0.0	7.0	7.071428571428571
aesthetic body	0	0	0	13	0	13	0.0	0.0	2.0769230769230766	
aesthetic body fat percentage	0	0	0	12	13	-1	0.0	0.0	6.75	7.3076923076923075
aesthetic body meaning	0	0	0	62	92	-30	0.0	0.0	11.03225806451613	10.467391304347826
aesthetic body means	0	0	0	10	4	6	0.0	0.0	9.8	7.0
aesthetic physics body	0	0	0	23	4	19	0.0	0.0	7.6521739130434785	8.75
aesthetic physique	2	0	2	89	47	42	0.02247191011235955	0.0	8.03370786516854	6.617021276595745
aesthetic physique meaning	1	0	1	57	56	1	0.017543859649122806	0.0	8.192982456140351	7.410714285714286
aesthetic shoulder to waist ratio	0	0	0	13	0	13	0.0	0.0	9.461538461538462	
affordable personal trainer alternative with ai	0	0	0	20	4	16	0.0	0.0	3.7	8.75
ai based personal trainer	0	0	0	13	4	9	0.0	0.0	8.538461538461538	12.25
ai body analysis	0	0	0	8	21	-13	0.0	0.0	17.375	21.523809523809526
ai body analysis free	0	1	-1	19	21	-2	0.0	0.047619047619047616	11.263157894736842	13.238095238095237
ai body analyzer	0	0	0	1	14	-13	0.0	0.0	5.0	30.285714285714285
ai body analyzer online free	2	0	2	15	0	15	0.13333333333333333	0.0	4.866666666666667	
ai body app	0	0	0	15	8	7	0.0	0.0	3.2666666666666666	4.125
ai body fat	16	5	11	80	72	8	0.2	0.06944444444444445	5.2625	6.819444444444445
ai body fat analyzer	4	4	0	37	46	-9	0.10810810810810811	0.08695652173913043	4.756756756756756	6.173913043478261
ai body fat calculator	50	46	4	465	682	-217	0.10752688172043011	0.06744868035190615	5.920430107526882	6.5175953079178885
ai body fat calculator photo	8	4	4	40	31	9	0.2	0.12903225806451613	4.725	5.870967741935484
ai body fat estimate	9	6	3	33	31	2	0.2727272727272727	0.1935483870967742	4.484848484848484	5.903225806451613
ai body fat estimator	46	40	6	338	441	-103	0.13609467455621302	0.09070294784580499	5.331360946745562	6.09750566893424
ai body fat percentage	9	6	3	64	72	-8	0.140625	0.08333333333333333	4.609375	7.583333333333333
ai body fat percentage calculator	8	4	4	27	30	-3	0.2962962962962963	0.13333333333333333	6.333333333333333	5.833333333333333
ai body fat scanner	7	8	-1	73	63	10	0.0958904109589041	0.12698412698412698	6.205479452054795	8.19047619047619
ai body fat scanner app	1	1	0	6	16	-10	0.16666666666666666	0.0625	8.0	3.4375
ai body fat scanner free	28	24	4	96	95	1	0.2916666666666667	0.25263157894736843	1.8958333333333335	3.957894736842105
ai body fat visualizer	2	0	2	10	11	-1	0.2	0.0	4.0	3.5454545454545454
ai body measurement	0	0	0	17	1	16	0.0	0.0	17.529411764705884	74.0
ai body measurement app	2	1	1	21	16	5	0.09523809523809523	0.0625	4.523809523809524	7.9375
ai body measurement free	1	0	1	10	6	4	0.1	0.0	5.6	10.0
ai body rate	3	0	3	10	3	7	0.3	0.0	6.7	2.666666666666667
ai body rater	21	1	20	82	10	72	0.25609756097560976	0.1	3.341463414634146	13.6
ai body rating	4	3	1	31	25	6	0.12903225806451613	0.12	5.290322580645161	4.5600000000000005
ai body scan	0	0	0	2	27	-25	0.0	0.0	42.0	7.333333333333333
ai body scanner	1	0	1	8	20	-12	0.125	0.0	27.625	7.45
ai body scanner app	10	3	7	132	23	109	0.07575757575757576	0.13043478260869565	6.416666666666667	4.913043478260869
ai body scanner free	2	3	-1	53	20	33	0.03773584905660377	0.15	7.490566037735849	3.4
ai body transformation	1	0	1	7	10	-3	0.14285714285714285	0.0	4.285714285714286	5.9
ai body transformation app	1	2	-1	5	13	-8	0.2	0.15384615384615385	3.0	2.4615384615384617
ai bodyfat	9	2	7	45	24	21	0.2	0.08333333333333333	4.866666666666667	6.041666666666667
ai bodyfat calculator	5	2	3	28	15	13	0.17857142857142858	0.13333333333333333	7.714285714285714	7.2
ai bodyfat estimate	18	10	8	104	112	-8	0.17307692307692307	0.08928571428571429	5.769230769230769	6.25
ai bodyfat estimator	4	0	4	14	33	-19	0.2857142857142857	0.0	4.857142857142858	7.0
ai capable of changing body type	0	0	0	30	13	17	0.0	0.0	6.133333333333334	8.23076923076923
ai fat calculator	1	0	1	10	12	-2	0.1	0.0	6.5	6.583333333333333
ai fat percentage	0	0	0	5	10	-5	0.0	0.0	4.6	5.9
ai fat percentage calculator	4	0	4	16	20	-4	0.25	0.0	6.125	7.1
ai fitness	0	0	0	14	1	13	0.0	0.0	2.2857142857142856	1.0
ai fitness app	0	0	0	48	12	36	0.0	0.0	12.791666666666666	39.166666666666664
ai fitness apps	0	0	0	15	14	1	0.0	0.0	16.8	47.285714285714285
ai fitness coach	0	0	0	117	4	113	0.0	0.0	15.58974358974359	28.75
ai fitness coach app	0	0	0	98	54	44	0.0	0.0	9.428571428571429	11.777777777777779
ai fitness coaching app	0	0	0	14	26	-12	0.0	0.0	11.428571428571429	22.0
ai fitness coaching platform	0	0	0	25	9	16	0.0	0.0	26.92	66.88888888888889
ai fitness trainer	0	0	0	73	33	40	0.0	0.0	8.63013698630137	17.484848484848484
ai fitness training app	0	0	0	10	12	-2	0.0	0.0	14.2	37.0
ai for body transformation	0	0	0	3	11	-8	0.0	0.0	7.666666666666667	5.454545454545454
ai for personal trainers	0	0	0	10	7	3	0.0	0.0	5.9	6.142857142857143
ai gym trainer	0	0	0	26	5	21	0.0	0.0	11.038461538461538	22.2
ai personal fitness coach	0	0	0	13	17	-4	0.0	0.0	8.461538461538462	34.11764705882353
ai personal fitness trainer	0	0	0	12	8	4	0.0	0.0	12.75	17.125
ai personal trainer	2	4	-2	963	538	425	0.0020768431983385254	0.007434944237918215	8.391484942886812	13.75092936802974
ai personal trainer app	0	2	-2	278	279	-1	0.0	0.007168458781362007	5.158273381294964	10.265232974910393
ai personal trainer app download	0	0	0	7	16	-9	0.0	0.0	9.714285714285714	12.375
ai personal trainer apps	0	0	0	9	10	-1	0.0	0.0	3.2222222222222223	12.1
ai personal trainer online	0	0	0	12	10	2	0.0	0.0	10.75	27.6
ai personal trainer software	0	0	0	15	21	-6	0.0	0.0	7.0	17.047619047619047
ai personal training app	1	0	1	13	7	6	0.07692307692307693	0.0	5.076923076923077	6.714285714285714
ai personal training software	0	0	0	11	7	4	0.0	0.0	7.636363636363637	10.0
ai personalized fitness app for athletes	0	0	0	86	56	30	0.0	0.0	9.13953488372093	8.553571428571429
ai physique	0	0	0	16	2	14	0.0	0.0	5.3125	7.0
ai physique analyzer	2	0	2	17	0	17	0.11764705882352941	0.0	10.823529411764707	
ai physique rater	50	3	47	247	81	166	0.20242914979757085	0.037037037037037035	4.4574898785425106	9.123456790123457
ai physique rater online free	0	0	0	10	0	10	0.0	0.0	19.8	
ai physique rating	13	1	12	64	14	50	0.203125	0.07142857142857142	4.171875	5.928571428571429
ai powered personal trainer	0	0	0	12	5	7	0.0	0.0	10.416666666666666	24.8
ai powered workout tracker	0	0	0	5	13	-8	0.0	0.0	55.4	55.76923076923077
ai rate my body	6	0	6	50	10	40	0.12	0.0	6.58	16.8
ai rate my physique	7	0	7	15	10	5	0.4666666666666667	0.0	3.8666666666666667	6.4
ai rate physique	1	0	1	14	1	13	0.07142857142857142	0.0	3.9285714285714284	10.0
ai trainer app	0	1	-1	35	28	7	0.0	0.03571428571428571	5.114285714285714	7.928571428571429
ai trainer apps	0	0	0	11	7	4	0.0	0.0	6.0	6.0
ai transformation app	0	0	0	18	14	4	0.0	0.0	9.944444444444445	7.714285714285714
ai workout coach	0	0	0	68	0	68	0.0	0.0	11.338235294117647	
ai workout coach app	0	0	0	8	20	-12	0.0	0.0	8.25	14.8
ai workout trainer	0	0	0	10	1	9	0.0	0.0	9.8	2.0
ai-powered fitness trainers	0	0	0	13	6	7	0.0	0.0	14.0	20.666666666666668
ai-powered personal trainer	0	0	0	30	18	12	0.0	0.0	10.433333333333334	19.666666666666668
alternative optifo	0	0	0	13	21	-8	0.0	0.0	34.69230769230769	23.904761904761905
alternatives to dexa scan	0	0	0	17	6	11	0.0	0.0	10.882352941176471	11.5
am i fat ai	1	3	-2	64	45	19	0.015625	0.06666666666666667	7.0625	8.333333333333332
am i fat ai photo	3	1	2	53	19	34	0.05660377358490566	0.05263157894736842	7.452830188679245	7.368421052631579
am i fat photo test	1	1	0	12	5	7	0.08333333333333333	0.2	22.083333333333332	9.0
am i fat photo test online	2	0	2	15	8	7	0.13333333333333333	0.0	7.933333333333334	9.625
am i fat picture test	2	0	2	21	7	14	0.09523809523809523	0.0	8.952380952380953	10.0
am i really as fat as i look in pictures	0	0	0	25	0	25	0.0	0.0	11.0	
am i skinny fat	0	0	0	1	13	-12	0.0	0.0	9.0	20.923076923076923
android	2	1	1	20	11	9	0.1	0.09090909090909091	2.9	2.090909090909091
app	2	2	0	20	16	4	0.1	0.125	3.7	2.3125
app for before and after pics weight loss	0	0	0	11	0	11	0.0	0.0	4.090909090909091	
app for body fat percentage	3	3	0	13	13	0	0.23076923076923078	0.23076923076923078	6.461538461538462	2.3846153846153846
app for body measurements	0	0	0	24	29	-5	0.0	0.0	9.666666666666666	10.379310344827585
app for progress photos	2	0	2	16	8	8	0.125	0.0	4.1875	4.125
app for taking progress photos on site?	0	0	0	7	26	-19	0.0	0.0	8.0	8.615384615384615
app to check body fat percentage	2	0	2	10	4	6	0.2	0.0	2.0	12.25
app to measure body fat	0	1	-1	5	15	-10	0.0	0.06666666666666667	3.0	3.4
app to measure body measurements	0	0	0	11	3	8	0.0	0.0	6.2727272727272725	5.0
app to take body measurements	0	0	0	14	7	7	0.0	0.0	14.071428571428571	15.571428571428571
app to track body measurements	0	0	0	10	13	-3	0.0	0.0	9.1	11.076923076923077
app to track weight loss pictures	0	0	0	24	23	1	0.0	0.0	10.5	13.08695652173913
app transformation	0	0	0	13	9	4	0.0	0.0	9.076923076923077	8.666666666666668
are 13 inch forearms big	0	0	0	16	5	11	0.0	0.0	7.625	7.0
are 14 inch arms big	0	0	0	26	2	24	0.0	0.0	8.538461538461538	7.5
are 14 inch biceps big	0	0	0	26	0	26	0.0	0.0	9.153846153846153	
are 14.5 inch arms big	0	0	0	21	1	20	0.0	0.0	7.666666666666667	8.0
are 15 inch arms big	0	0	0	70	1	69	0.0	0.0	10.314285714285715	21.0
are 15 inch biceps big	0	0	0	39	4	35	0.0	0.0	10.435897435897436	12.25
are 15 inch forearms big	0	0	0	11	1	10	0.0	0.0	6.909090909090909	7.0
are 15.5 inch arms big	0	0	0	17	1	16	0.0	0.0	9.117647058823529	11.0
are 15.5 inch biceps big	0	0	0	11	0	11	0.0	0.0	10.0	
are 23 inch thighs big	0	0	0	14	7	7	0.0	0.0	6.071428571428571	6.142857142857143
are bcaas a scam	0	0	0	13	0	13	0.0	0.0	2.5384615384615383	
are body fat calculators accurate	0	0	0	15	4	11	0.0	0.0	8.933333333333334	18.75
are smart scales worth it	0	0	0	12	0	12	0.0	0.0	11.166666666666666	
are thighs longer than calves	0	0	0	16	2	14	0.0	0.0	5.75	6.0
arm size	0	0	0	22	1	21	0.0	0.0	8.954545454545453	34.0
arm size chart	1	0	1	54	9	45	0.018518518518518517	0.0	8.833333333333332	12.88888888888889
arm size chart male	0	0	0	13	2	11	0.0	0.0	8.0	10.5
arm to waist ratio	1	0	1	19	3	16	0.05263157894736842	0.0	10.157894736842104	10.333333333333334
artificial intelligence fitness trainer	0	0	0	14	1	13	0.0	0.0	14.214285714285714	16.0
artificial intelligence personal trainer	0	0	0	19	2	17	0.0	0.0	2.473684210526316	23.5
at what body fat % can i look down without having a double chin	0	0	0	33	0	33	0.0	0.0	4.0	
at what body fat does face look best	0	0	0	13	1	12	0.0	0.0	7.615384615384615	9.0
at what body fat does jawline show	0	0	0	16	13	3	0.0	0.0	3.75	7.0
at what body fat does your face look best	0	0	0	14	4	10	0.0	0.0	8.857142857142858	18.25
at what body fat does your jawline show	0	0	0	19	3	16	0.0	0.0	3.8947368421052633	8.666666666666668
at what body fat percentage does face fat go away	0	0	0	14	6	8	0.0	0.0	8.5	7.5
at what body fat percentage does face look best	0	0	0	17	0	17	0.0	0.0	9.352941176470589	
at what body fat percentage does jawline show	0	0	0	26	14	12	0.0	0.0	5.0	4.785714285714286
at what body fat percentage does your face look best	0	0	0	11	1	10	0.0	0.0	8.636363636363637	10.0
average 13 year old bicep size	0	0	0	11	0	11	0.0	0.0	7.454545454545454	
average 14 year old bicep size	0	0	0	16	1	15	0.0	0.0	7.9375	8.0
average 15 year old bicep size	0	0	0	17	0	17	0.0	0.0	7.882352941176471	
average 16 year old bicep size	0	0	0	20	0	20	0.0	0.0	8.3	
average 17 year old bicep size	0	0	0	13	0	13	0.0	0.0	8.307692307692307	
average adult bicep size	0	0	0	11	2	9	0.0	0.0	7.818181818181818	8.5
average adult male chest size	0	0	0	14	0	14	0.0	0.0	9.071428571428571	
average american male waist size	0	0	0	6	11	-5	0.0	0.0	4.0	12.0
average american woman waist size	0	0	0	15	12	3	0.0	0.0	10.6	15.333333333333334
average american women body fat percentage	0	0	0	0	10	-10	0.0	0.0		10.3
average arm circumference	0	0	0	14	0	14	0.0	0.0	8.214285714285715	
average arm circumference male	0	0	0	10	0	10	0.0	0.0	5.5	
average arm size	0	0	0	54	1	53	0.0	0.0	9.851851851851851	10.0
average arm size male	0	0	0	84	0	84	0.0	0.0	6.678571428571429	
average bicep	0	0	0	14	2	12	0.0	0.0	12.357142857142858	10.5
average bicep circumference	0	0	0	27	2	25	0.0	0.0	5.666666666666667	10.5
average bicep size	0	0	0	331	35	296	0.0	0.0	7.459214501510574	10.285714285714286
average bicep size 14 year old	0	0	0	15	0	15	0.0	0.0	7.066666666666666	
average bicep size by height	1	1	0	24	2	22	0.041666666666666664	0.5	6.416666666666667	6.0
average bicep size for 13 year old	0	0	0	18	0	18	0.0	0.0	7.111111111111111	
average bicep size for 14 year old	0	0	0	26	1	25	0.0	0.0	7.576923076923077	6.0
average bicep size for 15 year old	0	0	0	63	7	56	0.0	0.0	8.492063492063492	7.142857142857143
average bicep size for 16 year old	0	0	0	85	12	73	0.0	0.0	8.811764705882354	7.583333333333333
average bicep size for 17 year old	0	0	0	20	2	18	0.0	0.0	7.75	7.5
average bicep size for 17 year old male	0	0	0	10	0	10	0.0	0.0	6.2	
average bicep size for 18 year old	1	0	1	34	3	31	0.029411764705882353	0.0	8.176470588235293	9.0
average bicep size for 6 feet tall guy	1	0	1	125	7	118	0.008	0.0	8.376000000000001	5.857142857142857
average bicep size for men	3	0	3	90	5	85	0.03333333333333333	0.0	6.011111111111111	5.2
average bicep size in cm	0	0	0	20	2	18	0.0	0.0	10.2	21.5
average bicep size male	0	0	0	16	0	16	0.0	0.0	6.6875	
average bicep size male in india	0	0	0	12	0	12	0.0	0.0	8.0	
average bicep size men	0	0	0	26	3	23	0.0	0.0	7.8076923076923075	18.666666666666668
average bicep size of men	0	0	0	16	4	12	0.0	0.0	10.0	7.75
average biceps	0	0	0	12	0	12	0.0	0.0	10.5	
average biceps size	0	0	0	49	7	42	0.0	0.0	7.36734693877551	25.142857142857142
average biceps size cm	0	0	0	24	0	24	0.0	0.0	10.458333333333334	
average biceps size cm 16 year old	0	0	0	20	2	18	0.0	0.0	7.5	4.0
average biceps size cm 17 year old	0	0	0	254	25	229	0.0	0.0	7.358267716535433	6.92
average biceps size for men	0	0	0	15	0	15	0.0	0.0	6.133333333333334	
average biceps size male	0	0	0	12	0	12	0.0	0.0	9.333333333333334	
average biceps size men	0	0	0	10	0	10	0.0	0.0	8.5	
average body fat percentage	0	0	0	1	11	-10	0.0	0.0	12.0	50.54545454545455
average body fat percentage by age	0	0	0	0	18	-18	0.0	0.0		21.27777777777778
average body fat percentage for mothers in 30's	0	0	0	0	118	-118	0.0	0.0		7.508474576271187
average body fat percentage for women	0	0	0	1	16	-15	0.0	0.0	8.0	27.375
average body fat percentage for women in america	0	0	0	0	18	-18	0.0	0.0		12.5
average body measurements female	0	0	0	16	2	14	0.0	0.0	9.1875	29.0
average body measurements male	0	0	0	25	17	8	0.0	0.0	9.6	10.647058823529411
average body proportions male	0	0	0	21	7	14	0.0	0.0	6.857142857142857	10.857142857142858
average body width	0	0	0	39	23	16	0.0	0.0	35.666666666666664	23.652173913043477
average bodybuilder chest size	0	0	0	11	1	10	0.0	0.0	5.818181818181818	1.0
average chest circumference	0	0	0	16	7	9	0.0	0.0	7.125	8.428571428571429
average chest circumference male	0	0	0	22	5	17	0.0	0.0	6.909090909090909	7.8
average chest size	1	0	1	28	14	14	0.03571428571428571	0.0	6.75	7.5
average chest size 25 year old male	0	0	0	15	4	11	0.0	0.0	6.933333333333334	5.5
average chest size for men	0	0	0	11	5	6	0.0	0.0	8.90909090909091	16.6
average chest size male	0	0	0	19	4	15	0.0	0.0	8.631578947368421	7.25
average chest size men	0	1	-1	157	82	75	0.0	0.012195121951219513	6.611464968152866	5.890243902439025
average female dimensions	0	0	0	24	0	24	0.0	0.0	28.25	
average female forearm length	0	0	0	15	4	11	0.0	0.0	10.066666666666666	12.25
average female hip circumference	0	0	0	0	23	-23	0.0	0.0		6.913043478260869
average female hip size	0	1	-1	11	22	-11	0.0	0.045454545454545456	9.363636363636363	5.2727272727272725
average female hip width	0	0	0	8	17	-9	0.0	0.0	10.125	5.117647058823529
average female shoulder width	0	0	0	6	56	-50	0.0	0.0	6.333333333333333	6.607142857142857
average female waist	0	0	0	16	4	12	0.0	0.0	8.9375	1.25
average female waist size	0	0	0	59	21	38	0.0	0.0	21.1864406779661	23.666666666666668
average female waist size in inches	0	0	0	10	1	9	0.0	0.0	10.1	11.0
average female wrist size	0	0	0	0	18	-18	0.0	0.0		10.11111111111111
average flexed bicep size	1	0	1	25	0	25	0.04	0.0	6.44	
average flexed bicep size for men	0	0	0	11	1	10	0.0	0.0	5.7272727272727275	2.0
average forearm length	0	0	0	46	22	24	0.0	0.0	6.543478260869565	9.5
average forearm length by height	1	0	1	20	12	8	0.05	0.0	4.45	4.583333333333334
average forearm size	0	1	-1	92	33	59	0.0	0.030303030303030304	7.043478260869565	5.878787878787879
average forearm size for 15 year old	0	0	0	14	8	6	0.0	0.0	9.071428571428571	8.625
average forearm size for men	0	0	0	21	10	11	0.0	0.0	8.095238095238095	6.9
average forearm size male	0	0	0	23	12	11	0.0	0.0	6.391304347826087	6.0
average hand length	0	0	0	9	15	-6	0.0	0.0	1.2222222222222223	8.8
average hand size	0	0	0	0	63	-63	0.0	0.0		6.666666666666667
average hand span	0	0	0	1	23	-22	0.0	0.0	9.0	10.130434782608695
average hand span for a man	0	1	-1	0	10	-10	0.0	0.1		9.8
average hand width	0	0	0	0	15	-15	0.0	0.0		8.333333333333332
average hip circumference	0	0	0	1	12	-11	0.0	0.0	8.0	8.333333333333332
average hip circumference female	0	1	-1	6	28	-22	0.0	0.03571428571428571	14.5	4.857142857142858
average hip measurement female	0	0	0	14	35	-21	0.0	0.0	9.071428571428571	4.285714285714286
average hip size	0	0	0	8	60	-52	0.0	0.0	9.875	4.5
average hip size for 5 2 woman	0	0	0	17	4	13	0.0	0.0	7.823529411764706	6.5
average hip size for women	1	3	-2	123	235	-112	0.008130081300813009	0.01276595744680851	8.520325203252032	3.9446808510638296
average hip size women	0	0	0	16	9	7	0.0	0.0	10.3125	3.4444444444444446
average hip width	0	0	0	0	21	-21	0.0	0.0		4.571428571428571
average hip width women	0	1	-1	11	24	-13	0.0	0.041666666666666664	8.0	6.166666666666667
average hips size for women	0	0	0	11	17	-6	0.0	0.0	12.272727272727273	4.294117647058823
average male arm size	0	0	0	45	4	41	0.0	0.0	8.733333333333334	8.75
average male back	0	0	0	36	15	21	0.0	0.0	8.472222222222221	9.333333333333334
average male bicep circumference	1	0	1	13	0	13	0.07692307692307693	0.0	8.23076923076923	
average male bicep size	0	0	0	80	2	78	0.0	0.0	9.475	10.5
average male body measurements	0	0	0	47	46	1	0.0	0.0	11.914893617021276	12.108695652173912
average male body proportions	0	0	0	12	15	-3	0.0	0.0	7.583333333333333	9.2
average male chest	0	0	0	37	6	31	0.0	0.0	7.864864864864865	5.333333333333333
average male chest circumference	0	0	0	29	7	22	0.0	0.0	9.586206896551724	7.857142857142857
average male chest measurement	0	0	0	13	0	13	0.0	0.0	18.46153846153846	
average male chest size	0	0	0	61	22	39	0.0	0.0	6.508196721311475	5.954545454545454
average male forearm length	0	0	0	10	8	2	0.0	0.0	5.9	6.125
average male forearm size	0	0	0	40	9	31	0.0	0.0	6.025	8.222222222222221
average male hand size	0	0	0	0	25	-25	0.0	0.0		8.879999999999999
average male measurements	1	0	1	39	4	35	0.02564102564102564	0.0	10.512820512820513	10.25
average male proportions	0	0	0	26	16	10	0.0	0.0	8.192307692307693	9.25
average male shoulder circumference	0	0	0	18	1	17	0.0	0.0	11.11111111111111	25.0
average male shoulder to waist ratio	0	0	0	25	0	25	0.0	0.0	7.16	
average male shoulder width	0	0	0	0	17	-17	0.0	0.0		11.470588235294118
average male thigh circumference	0	0	0	20	7	13	0.0	0.0	5.15	2.428571428571429
average male thigh size	0	0	0	22	16	6	0.0	0.0	6.818181818181818	3.5625
average male waist	0	0	0	16	20	-4	0.0	0.0	7.3125	8.25
average male waist size	2	1	1	117	175	-58	0.017094017094017096	0.005714285714285714	6.034188034188034	7.348571428571429
average male waist size by height	0	0	0	9	10	-1	0.0	0.0	9.11111111111111	6.7
average male waist size in america	0	0	0	8	16	-8	0.0	0.0	4.625	9.5625
average man biceps size	0	0	0	10	0	10	0.0	0.0	8.4	
average man chest size	0	0	0	14	5	9	0.0	0.0	7.142857142857143	4.8
average mans back	0	0	0	10	5	5	0.0	0.0	8.9	9.8
average measurements for women	0	0	0	19	11	8	0.0	0.0	10.842105263157896	19.727272727272727
average measurements of a man	0	0	0	20	3	17	0.0	0.0	10.0	13.333333333333334
average men bicep size	0	0	0	17	0	17	0.0	0.0	6.882352941176471	
average men chest	0	0	0	10	1	9	0.0	0.0	10.8	6.0
average men chest size	0	0	0	24	10	14	0.0	0.0	8.291666666666668	5.7
average men waist size	0	0	0	22	41	-19	0.0	0.0	7.0	9.097560975609756
average men's waist size	0	0	0	16	17	-1	0.0	0.0	7.1875	7.352941176470588
average mens chest size	0	0	0	11	5	6	0.0	0.0	7.090909090909091	7.2
average mens waist size	0	0	0	25	47	-22	0.0	0.0	6.68	9.319148936170214
average neck size	0	0	0	0	25	-25	0.0	0.0		9.88
average neck size men	0	0	0	0	17	-17	0.0	0.0		7.882352941176471
average pant size for women by age	0	0	0	52	13	39	0.0	0.0	6.384615384615385	6.3076923076923075
average shoulder circumference male	0	0	0	10	4	6	0.0	0.0	11.3	11.5
average shoulder to waist ratio	0	0	0	53	0	53	0.0	0.0	6.283018867924528	
average shoulder to waist ratio men	1	0	1	45	1	44	0.022222222222222223	0.0	7.444444444444445	10.0
average shoulder width	0	0	0	9	85	-76	0.0	0.0	7.111111111111111	7.8352941176470585
average shoulder width female	0	0	0	2	34	-32	0.0	0.0	7.0	3.5294117647058822
average shoulder width for men	0	0	0	7	15	-8	0.0	0.0	8.714285714285715	6.733333333333333
average shoulder width for women	0	0	0	11	53	-42	0.0	0.0	5.090909090909091	5.60377358490566
average shoulder width male	0	0	0	1	35	-34	0.0	0.0	2.0	12.542857142857143
average shoulder width women	0	0	0	1	19	-18	0.0	0.0	6.0	3.8421052631578947
average thigh circumference	0	0	0	23	7	16	0.0	0.0	4.913043478260869	8.142857142857142
average thigh circumference female	0	0	0	23	5	18	0.0	0.0	9.08695652173913	13.0
average thigh circumference male	0	0	0	16	8	8	0.0	0.0	6.25	7.125
average thigh length	0	0	0	14	0	14	0.0	0.0	6.928571428571429	
average thigh size	0	1	-1	16	12	4	0.0	0.08333333333333333	8.25	7.583333333333333
average thigh size female	0	0	0	43	16	27	0.0	0.0	7.651162790697675	8.8125
average thigh size male	1	0	1	54	38	16	0.018518518518518517	0.0	8.018518518518519	3.5
average torso length	0	0	0	15	1	14	0.0	0.0	11.866666666666667	39.0
average torso to leg ratio	0	0	0	14	3	11	0.0	0.0	8.571428571428571	15.0
average upper arm circumference	0	0	0	11	0	11	0.0	0.0	8.0	
average waist	0	0	0	11	10	1	0.0	0.0	15.818181818181818	28.3
average waist circumference male	0	0	0	12	6	6	0.0	0.0	7.916666666666667	8.333333333333332
average waist for women	0	0	0	13	4	9	0.0	0.0	9.923076923076923	14.25
average waist inches for women	0	0	0	14	11	3	0.0	0.0	2.642857142857143	2.2727272727272725
average waist size	0	1	-1	104	49	55	0.0	0.02040816326530612	10.625	14.571428571428571
average waist size female	0	0	0	18	12	6	0.0	0.0	15.61111111111111	31.333333333333332
average waist size for 14 year old female	0	0	0	21	1	20	0.0	0.0	9.904761904761905	32.0
average waist size for 15 year old female	0	0	0	32	4	28	0.0	0.0	7.625	27.0
average waist size for 16 year old female	0	0	0	20	8	12	0.0	0.0	8.35	18.625
average waist size for 18 year old female	0	0	0	23	6	17	0.0	0.0	8.869565217391305	7.833333333333333
average waist size for 18 year old male	0	0	0	12	0	12	0.0	0.0	3.0	
average waist size for 18 year-old male	0	0	0	1	17	-16	0.0	0.0	5.0	4.705882352941177
average waist size for 20 year old female	0	0	0	19	13	6	0.0	0.0	8.105263157894736	7.538461538461538
average waist size for 5'4 woman	0	0	0	15	8	7	0.0	0.0	8.466666666666667	6.0
average waist size for men	1	0	1	242	409	-167	0.004132231404958678	0.0	6.68595041322314	7.481662591687042
average waist size for men in america	0	0	0	4	11	-7	0.0	0.0	8.0	8.0
average waist size for women	0	1	-1	766	129	637	0.0	0.007751937984496124	11.596605744125327	8.96124031007752
average waist size for women in america	1	0	1	45	13	32	0.022222222222222223	0.0	10.755555555555556	9.615384615384615
average waist size for women in us	0	0	0	6	46	-40	0.0	0.0	7.666666666666667	11.478260869565217
average waist size male	0	0	0	6	16	-10	0.0	0.0	6.5	10.625
average waist size men	0	0	0	30	65	-35	0.0	0.0	3.5	8.0
average waist size of a man	0	0	0	5	10	-5	0.0	0.0	15.2	8.2
average waist size of american woman	0	0	0	10	4	6	0.0	0.0	9.9	7.75
average waist size women	0	0	0	26	17	9	0.0	0.0	12.76923076923077	16.058823529411764
average waist to shoulder ratio men	0	0	0	13	5	8	0.0	0.0	6.0	9.8
average woman hip size	0	0	0	16	20	-4	0.0	0.0	15.625	4.1
average woman hip width	0	0	0	4	11	-7	0.0	0.0	8.75	4.363636363636363
average woman shoulder width	0	0	0	1	16	-15	0.0	0.0	4.0	7.75
average woman waist size	0	0	0	11	14	-3	0.0	0.0	30.90909090909091	16.142857142857142
average womans waist	0	0	0	15	7	8	0.0	0.0	2.7333333333333334	4.142857142857142
average women hip size	0	0	0	12	20	-8	0.0	0.0	20.666666666666668	3.8
average women shoulder width	0	0	0	3	17	-14	0.0	0.0	4.666666666666666	4.294117647058823
average women waist size	0	0	0	10	6	4	0.0	0.0	16.3	20.5
average wrist size female	0	0	0	0	16	-16	0.0	0.0		13.4375
average wrist size women	0	0	0	0	14	-14	0.0	0.0		13.0
avg bicep size	0	0	0	10	1	9	0.0	0.0	4.5	5.0
avg waist width women	0	0	0	20	0	20	0.0	0.0	8.35	
bad shoulder to waist ratio	0	0	0	10	0	10	0.0	0.0	7.5	
best 3d body composition software for gyms	0	0	0	9	47	-38	0.0	0.0	4.444444444444445	4.340425531914894
best 3d body scanner app	1	1	0	4	11	-7	0.25	0.09090909090909091	2.75	4.818181818181818
best ai body editor	7	3	4	44	33	11	0.1590909090909091	0.09090909090909091	2.090909090909091	3.8484848484848486
best ai body fat estimator	9	11	-2	35	60	-25	0.2571428571428571	0.18333333333333332	2.0857142857142854	2.166666666666667
best ai body scanner app	2	3	-1	11	28	-17	0.18181818181818182	0.10714285714285714	2.4545454545454546	2.642857142857143
best ai editing app for extreme body modifications	0	0	0	5	50	-45	0.0	0.0	3.4	3.54
best ai fitness app	1	0	1	26	7	19	0.038461538461538464	0.0	9.846153846153847	46.142857142857146
best ai fitness app without wearables	0	0	0	0	17	-17	0.0	0.0		7.352941176470588
best ai fitness apps 2026	0	0	0	2	11	-9	0.0	0.0	9.0	8.0
best ai fitness coach	0	0	0	38	30	8	0.0	0.0	5.947368421052632	11.4
best ai fitness coach apps 2026	0	0	0	3	11	-8	0.0	0.0	6.333333333333333	8.454545454545453
best ai fitness trainer	0	1	-1	10	16	-6	0.0	0.0625	5.4	8.9375
best ai for body editing	1	1	0	29	20	9	0.034482758620689655	0.05	2.3793103448275863	2.4
best ai for body transformation	1	3	-2	16	16	0	0.0625	0.1875	2.0625	1.625
best ai for fitness coaching	0	0	0	10	5	5	0.0	0.0	5.9	7.4
best ai for personal trainer	0	0	0	4	10	-6	0.0	0.0	5.25	5.2
best ai for personal training	0	2	-2	32	31	1	0.0	0.06451612903225806	5.65625	6.580645161290323
best ai gym trainer	0	0	0	10	21	-11	0.0	0.0	5.1	8.0
best ai personal coach app	0	0	0	34	12	22	0.0	0.0	8.647058823529413	9.333333333333334
best ai personal trainer	0	0	0	90	91	-1	0.0	0.0	6.711111111111111	8.373626373626372
best ai personal trainer app	0	3	-3	66	87	-21	0.0	0.034482758620689655	7.318181818181818	7.0
best ai personal trainer apps 2026	0	0	0	2	26	-24	0.0	0.0	6.0	7.038461538461538
best ai trainer	0	0	0	11	7	4	0.0	0.0	9.909090909090908	8.571428571428571
best ai trainer app	0	0	0	10	6	4	0.0	0.0	6.9	5.333333333333333
best app for body editing	0	0	0	13	4	9	0.0	0.0	11.846153846153847	11.5
best app for body measurements	0	0	0	33	33	0	0.0	0.0	8.272727272727273	9.272727272727273
best app for body recomposition	1	0	1	23	45	-22	0.043478260869565216	0.0	3.8260869565217392	4.6
best app for body transformation	0	3	-3	8	17	-9	0.0	0.17647058823529413	5.5	1.6470588235294117
best app for editing body	0	0	0	15	2	13	0.0	0.0	7.8	6.5
best app for tracking body measurements	0	0	0	20	18	2	0.0	0.0	7.2	7.111111111111111
best app to track body measurements	0	1	-1	21	28	-7	0.0	0.03571428571428571	8.285714285714285	7.178571428571429
best apps for body recomposition	1	3	-2	14	30	-16	0.07142857142857142	0.1	3.2857142857142856	4.4
best biceps size for men	0	0	0	10	1	9	0.0	0.0	10.9	12.0
best body ai	9	3	6	203	86	117	0.04433497536945813	0.03488372093023256	4.241379310344827	5.348837209302325
best body ai app	4	3	1	16	33	-17	0.25	0.09090909090909091	2.3125	2.393939393939394
best body composition app	1	0	1	10	3	7	0.1	0.0	2.3	1.3333333333333333
best body composition scale	3	0	3	14	1	13	0.21428571428571427	0.0	13.857142857142858	8.0
best body composition tracking software smartphone scans	0	0	0	9	50	-41	0.0	0.0	2.0	5.52
best body editing apps	0	0	0	3	15	-12	0.0	0.0	4.333333333333334	9.933333333333334
best body editor	1	0	1	13	6	7	0.07692307692307693	0.0	2.4615384615384617	7.833333333333333
best body editor app	4	3	1	93	91	2	0.043010752688172046	0.03296703296703297	4.946236559139785	6.175824175824176
best body measurement app	3	1	2	42	48	-6	0.07142857142857142	0.020833333333333332	5.4523809523809526	6.729166666666667
best body measurement apps	0	0	0	10	23	-13	0.0	0.0	9.8	14.26086956521739
best body measurement tracker app	0	0	0	12	11	1	0.0	0.0	5.75	5.181818181818182
best body measurements for women	1	0	1	41	3	38	0.024390243902439025	0.0	9.097560975609756	10.333333333333334
best body proportions male	1	0	1	15	2	13	0.06666666666666667	0.0	6.866666666666666	7.5
best body scan app	3	3	0	29	42	-13	0.10344827586206896	0.07142857142857142	3.3448275862068964	4.190476190476191
best body scan app free	0	0	0	17	12	5	0.0	0.0	3.0588235294117645	5.416666666666667
best body scanner	1	1	0	12	23	-11	0.08333333333333333	0.043478260869565216	4.166666666666666	6.565217391304348
best body scanner app	2	2	0	34	43	-9	0.058823529411764705	0.046511627906976744	3.4411764705882355	4.697674418604651
best body scanning app	1	2	-1	12	14	-2	0.08333333333333333	0.14285714285714285	3.4166666666666665	3.7142857142857144
best body shaper app	0	0	0	11	11	0	0.0	0.0	16.272727272727273	19.545454545454547
best body tracking app	0	2	-2	9	16	-7	0.0	0.125	4.222222222222222	3.3125
best body transformation app	0	1	-1	4	18	-14	0.0	0.05555555555555555	3.25	3.7222222222222223
best chest size for male	0	0	0	24	0	24	0.0	0.0	7.75	
best chest size for men	0	0	0	16	3	13	0.0	0.0	5.9375	9.666666666666666
best free ai body editor	2	0	2	53	46	7	0.03773584905660377	0.0	7.716981132075472	8.021739130434781
best free ai personal trainer	0	1	-1	41	52	-11	0.0	0.019230769230769232	3.926829268292683	6.865384615384615
best free body scan app	0	0	0	11	6	5	0.0	0.0	3.3636363636363638	3.8333333333333335
best llm for fitness advice	0	0	0	9	13	-4	0.0	0.0	5.444444444444445	5.846153846153846
best llm for workout plans	0	1	-1	10	16	-6	0.0	0.0625	6.9	6.625
"best personal training app for ""skinny fat"" body transformation?"	0	0	0	10	7	3	0.0	0.0	4.7	2.2857142857142856
best shoulder to waist ratio	0	0	0	34	0	34	0.0	0.0	8.882352941176471	
best shoulder to waist ratio for men	0	0	0	18	0	18	0.0	0.0	7.666666666666667	
best waist to shoulder ratio	0	0	0	16	0	16	0.0	0.0	9.1875	
bf estimate ai	3	0	3	24	22	2	0.125	0.0	4.666666666666666	7.681818181818182
bf percentage chart	0	0	0	1	13	-12	0.0	0.0	16.0	23.23076923076923
biacromial width	0	0	0	3	101	-98	0.0	0.0	8.666666666666668	9.554455445544555
bicep circumference	0	0	0	14	2	12	0.0	0.0	17.571428571428573	33.0
bicep circumference chart	2	0	2	20	3	17	0.1	0.0	8.95	10.333333333333334
bicep length	0	0	0	184	33	151	0.0	0.0	10.940217391304348	9.454545454545455
bicep measurement	0	0	0	20	4	16	0.0	0.0	21.65	23.25
bicep measurement chart	0	0	0	11	4	7	0.0	0.0	14.727272727272727	30.0
bicep measurement male	0	0	0	11	1	10	0.0	0.0	8.363636363636363	11.0
bicep size	0	0	0	91	5	86	0.0	0.0	9.901098901098901	10.8
bicep size by age	0	0	0	10	0	10	0.0	0.0	6.1	
bicep size by height	3	0	3	22	0	22	0.13636363636363635	0.0	6.863636363636363	
bicep size chart	2	0	2	222	18	204	0.009009009009009009	0.0	8.17117117117117	12.444444444444445
bicep size for men	0	0	0	25	1	24	0.0	0.0	7.96	6.0
bicep sizes	1	0	1	25	1	24	0.04	0.0	10.04	8.0
biceps average size	0	0	0	13	0	13	0.0	0.0	7.461538461538462	
biceps circumference chart	1	0	1	15	0	15	0.06666666666666667	0.0	8.266666666666666	
biceps inches	0	0	0	10	2	8	0.0	0.0	10.3	11.0
biceps measurement	0	0	0	15	2	13	0.0	0.0	16.333333333333336	6.5
biceps size	0	0	0	58	1	57	0.0	0.0	10.620689655172415	12.0
biceps size chart	0	0	0	58	11	47	0.0	0.0	8.5	10.909090909090908
biceps size for men	0	0	0	11	0	11	0.0	0.0	9.363636363636363	
biceps sizes	0	0	0	12	0	12	0.0	0.0	7.833333333333333	
big hip size female	0	0	0	1	12	-11	0.0	0.0	3.0	7.583333333333333
bmi body visualizer	0	0	0	22	0	22	0.0	0.0	10.181818181818182	
bmi visualizer	0	0	0	52	0	52	0.0	0.0	30.557692307692307	
body ai app	0	0	0	10	10	0	0.0	0.0	2.9	3.1
body apps	0	0	0	6	10	-4	0.0	0.0	4.833333333333334	6.3
body composition analysis app	0	0	0	8	14	-6	0.0	0.0	6.75	5.928571428571429
body composition analysis chart	0	0	0	2	10	-8	0.0	0.0	43.5	44.0
body composition app	1	2	-1	70	75	-5	0.014285714285714285	0.02666666666666667	9.057142857142857	5.96
body composition image	0	0	0	11	0	11	0.0	0.0	13.909090909090908	
body composition images	0	0	0	18	0	18	0.0	0.0	8.166666666666668	
body composition picture	0	0	0	20	0	20	0.0	0.0	7.1	
body composition scan app	0	1	-1	8	10	-2	0.0	0.1	5.0	6.7
body composition software	0	0	0	3	14	-11	0.0	0.0	8.333333333333332	7.785714285714286
body composition tracker app	0	0	0	11	14	-3	0.0	0.0	8.09090909090909	7.071428571428571
body composition visualizer	0	0	0	6	12	-6	0.0	0.0	9.333333333333334	11.333333333333334
body dysmorphia why do i look fat in pictures but not in the mirror	1	0	1	12	24	-12	0.08333333333333333	0.0	7.5	6.0
body editor free	0	0	0	14	0	14	0.0	0.0	3.0714285714285716	
body fat 20	0	0	0	10	0	10	0.0	0.0	46.8	
body fat 8%	0	0	0	11	0	11	0.0	0.0	8.727272727272727	
body fat ai	28	14	14	301	137	164	0.09302325581395349	0.10218978102189781	6.441860465116279	6.335766423357664
body fat ai calculator	3	1	2	24	40	-16	0.125	0.025	6.916666666666667	6.6
body fat ai estimator	11	17	-6	77	200	-123	0.14285714285714285	0.085	5.207792207792208	5.51
body fat ai scan	1	1	0	13	7	6	0.07692307692307693	0.14285714285714285	3.4615384615384617	4.142857142857142
body fat analyzer ai	4	1	3	28	33	-5	0.14285714285714285	0.030303030303030304	6.642857142857143	6.575757575757576
body fat app	6	4	2	63	58	5	0.09523809523809523	0.06896551724137931	5.396825396825397	6.913793103448276
body fat app free	3	1	2	24	10	14	0.125	0.1	5.0	4.6
body fat based on picture	2	0	2	14	0	14	0.14285714285714285	0.0	8.928571428571429	
body fat by image	0	0	0	20	14	6	0.0	0.0	8.7	13.928571428571429
body fat by photo	0	0	0	16	11	5	0.0	0.0	12.375	7.454545454545454
body fat by picture	1	0	1	119	87	32	0.008403361344537815	0.0	10.277310924369749	10.885057471264368
body fat calculator ai	10	12	-2	122	156	-34	0.08196721311475409	0.07692307692307693	6.319672131147541	6.685897435897436
body fat calculator app	1	3	-2	15	26	-11	0.06666666666666667	0.11538461538461539	4.533333333333333	5.769230769230769
body fat calculator by image	1	1	0	28	9	19	0.03571428571428571	0.1111111111111111	5.464285714285714	7.444444444444445
body fat calculator by picture	2	0	2	40	13	27	0.05	0.0	4.75	8.307692307692307
body fat calculator from photo	2	2	0	12	26	-14	0.16666666666666666	0.07692307692307693	23.0	8.807692307692307
body fat calculator image	2	1	1	41	33	8	0.04878048780487805	0.030303030303030304	12.195121951219512	9.121212121212121
body fat calculator photo	7	4	3	80	54	26	0.0875	0.07407407407407407	5.9	7.185185185185185
body fat calculator picture	0	0	0	14	1	13	0.0	0.0	11.0	8.0
body fat calculator pictures	2	1	1	22	16	6	0.09090909090909091	0.0625	8.318181818181818	8.75
body fat calculator with photo	1	1	0	28	19	9	0.03571428571428571	0.05263157894736842	5.071428571428571	9.578947368421053
body fat chart	0	0	0	13	43	-30	0.0	0.0	24.0	36.02325581395349
body fat chart female	0	0	0	1	10	-9	0.0	0.0	29.0	75.7
body fat chart men	0	0	0	11	19	-8	0.0	0.0	22.454545454545453	35.473684210526315
body fat comparison	0	0	0	0	10	-10	0.0	0.0		40.0
body fat composition chart	0	0	0	3	14	-11	0.0	0.0	37.333333333333336	41.357142857142854
body fat estimate ai	19	15	4	197	192	5	0.09644670050761421	0.078125	5.583756345177665	6.515625
body fat estimate from photo	7	1	6	25	14	11	0.28	0.07142857142857142	4.6	7.857142857142857
body fat estimate photo	7	2	5	38	21	17	0.18421052631578946	0.09523809523809523	5.552631578947368	8.333333333333332
body fat estimate pictures	1	0	1	39	40	-1	0.02564102564102564	0.0	27.53846153846154	23.0
body fat estimation ai	3	1	2	23	22	1	0.13043478260869565	0.045454545454545456	5.086956521739131	4.545454545454545
body fat estimation from photographs accuracy study	0	0	0	9	19	-10	0.0	0.0	6.0	4.315789473684211
body fat estimator ai	33	21	12	436	539	-103	0.07568807339449542	0.03896103896103896	7.128440366972477	5.905380333951762
body fat estimator ai photo	0	0	0	33	12	21	0.0	0.0	31.0	16.25
body fat estimator from photo	7	5	2	42	49	-7	0.16666666666666666	0.10204081632653061	4.261904761904762	7.224489795918367
body fat estimator photo	2	6	-4	39	50	-11	0.05128205128205128	0.12	6.102564102564102	7.68
body fat examples	0	1	-1	3	12	-9	0.0	0.08333333333333333	32.33333333333333	37.166666666666664
body fat face	0	0	0	3	13	-10	0.0	0.0	9.333333333333334	11.692307692307692
body fat from image	1	3	-2	28	48	-20	0.03571428571428571	0.0625	6.392857142857143	7.104166666666667
body fat from photo	4	6	-2	37	41	-4	0.10810810810810811	0.14634146341463414	9.972972972972974	9.536585365853659
body fat from picture	2	1	1	26	16	10	0.07692307692307693	0.0625	6.5	7.375
body fat image calculator	2	2	0	29	29	0	0.06896551724137931	0.06896551724137931	7.724137931034483	7.689655172413793
body fat images	0	0	0	16	27	-11	0.0	0.0	13.6875	16.25925925925926
body fat images male	0	0	0	12	9	3	0.0	0.0	10.666666666666666	11.222222222222221
body fat level chart	0	0	0	3	12	-9	0.0	0.0	32.0	46.166666666666664
body fat men	0	0	0	3	11	-8	0.0	0.0	27.666666666666668	27.90909090909091
body fat percentage ai	17	9	8	143	116	27	0.11888111888111888	0.07758620689655173	6.034965034965035	7.0
body fat percentage ai calculator	1	0	1	19	0	19	0.05263157894736842	0.0	4.2631578947368425	
body fat percentage ai photo	1	4	-3	32	49	-17	0.03125	0.08163265306122448	4.34375	5.73469387755102
body fat percentage and pictures	0	0	0	12	5	7	0.0	0.0	30.916666666666668	26.8
body fat percentage app	2	4	-2	32	42	-10	0.0625	0.09523809523809523	3.28125	3.9047619047619047
body fat percentage by image	0	0	0	15	13	2	0.0	0.0	22.333333333333332	13.307692307692308
body fat percentage by photo	3	2	1	34	13	21	0.08823529411764706	0.15384615384615385	7.029411764705882	8.76923076923077
body fat percentage by picture	1	0	1	32	36	-4	0.03125	0.0	11.4375	15.555555555555555
body fat percentage calculator ai	4	4	0	24	45	-21	0.16666666666666666	0.08888888888888889	4.791666666666666	6.555555555555555
body fat percentage calculator by photo	2	0	2	10	13	-3	0.2	0.0	4.1	6.6923076923076925
body fat percentage calculator image	0	3	-3	16	13	3	0.0	0.23076923076923078	5.4375	10.23076923076923
body fat percentage calculator photo	1	3	-2	13	15	-2	0.07692307692307693	0.2	5.384615384615385	7.133333333333334
body fat percentage cannot be accurately estimated from photo source	0	0	0	0	19	-19	0.0	0.0		9.789473684210526
body fat percentage cannot be accurately estimated from photos source	0	0	0	3	10	-7	0.0	0.0	9.333333333333334	8.5
body fat percentage chart	0	0	0	108	154	-46	0.0	0.0	25.40740740740741	30.961038961038962
body fat percentage chart male	0	0	0	1	11	-10	0.0	0.0	25.0	30.181818181818183
body fat percentage chart men	0	0	0	19	18	1	0.0	0.0	25.473684210526315	37.666666666666664
body fat percentage chart pictures	0	0	0	6	10	-4	0.0	0.0	19.666666666666668	16.0
body fat percentage chart women	0	0	0	3	13	-10	0.0	0.0	29.666666666666668	65.3076923076923
body fat percentage charts	0	0	0	7	16	-9	0.0	0.0	28.0	36.75
body fat percentage estimate ai	2	1	1	17	44	-27	0.11764705882352941	0.022727272727272728	9.0	5.9772727272727275
body fat percentage estimate from photos accuracy study	0	0	0	6	16	-10	0.0	0.0	5.666666666666667	4.1875
body fat percentage estimate pictures	1	0	1	13	13	0	0.07692307692307693	0.0	11.076923076923077	9.307692307692308
body fat percentage estimation from photographs accuracy study	0	0	0	11	10	1	0.0	0.0	6.363636363636363	5.6
body fat percentage examples	0	0	0	8	24	-16	0.0	0.0	24.125	35.916666666666664
body fat percentage face	0	0	0	34	16	18	0.0	0.0	10.382352941176471	15.9375
body fat percentage for visible jawline men	0	0	0	6	23	-17	0.0	0.0	7.5	8.26086956521739
body fat percentage from photo	5	3	2	43	33	10	0.11627906976744186	0.09090909090909091	7.558139534883721	13.818181818181818
body fat percentage graph	0	0	0	6	26	-20	0.0	0.0	19.166666666666668	21.923076923076923
body fat percentage image	0	0	0	15	7	8	0.0	0.0	17.533333333333335	12.0
body fat percentage images	0	0	0	47	43	4	0.0	0.0	10.872340425531915	16.97674418604651
body fat percentage images female	0	0	0	11	11	0	0.0	0.0	27.0	22.727272727272727
body fat percentage images men	0	0	0	26	13	13	0.0	0.0	17.76923076923077	13.461538461538462
body fat percentage images women	0	0	0	18	4	14	0.0	0.0	24.555555555555557	20.75
body fat percentage male	0	0	0	0	25	-25	0.0	0.0		39.96
body fat percentage male pictures	0	0	0	19	13	6	0.0	0.0	9.631578947368421	13.153846153846153
body fat percentage men	0	0	0	0	64	-64	0.0	0.0		43.515625
body fat percentage men chart	0	0	0	4	14	-10	0.0	0.0	22.0	31.428571428571427
body fat percentage men face	0	0	0	11	0	11	0.0	0.0	5.909090909090909	
body fat percentage men images	0	0	0	23	15	8	0.0	0.0	12.695652173913043	12.733333333333333
body fat percentage men photos	0	0	0	9	10	-1	0.0	0.0	11.0	9.1
body fat percentage men pictures	0	0	0	136	100	36	0.0	0.0	12.830882352941176	16.02
body fat percentage men visual	1	0	1	19	19	0	0.05263157894736842	0.0	12.368421052631579	11.947368421052632
body fat percentage photo	0	2	-2	23	23	0	0.0	0.08695652173913043	10.826086956521738	10.91304347826087
body fat percentage photos	0	0	0	62	32	30	0.0	0.0	16.258064516129032	18.75
body fat percentage photos men	0	0	0	12	7	5	0.0	0.0	8.666666666666668	13.428571428571429
body fat percentage pics	0	0	0	11	7	4	0.0	0.0	9.181818181818182	15.428571428571429
body fat percentage picture	0	0	0	16	8	8	0.0	0.0	16.1875	12.75
body fat percentage pictures	2	1	1	166	90	76	0.012048192771084338	0.011111111111111112	12.951807228915662	17.322222222222223
body fat percentage pictures female	0	0	0	68	34	34	0.0	0.0	15.220588235294118	24.558823529411764
body fat percentage pictures for men	0	0	0	13	2	11	0.0	0.0	35.69230769230769	22.0
body fat percentage pictures male	0	0	0	20	26	-6	0.0	0.0	23.3	18.692307692307693
body fat percentage pictures men	0	0	0	23	12	11	0.0	0.0	11.130434782608695	18.0
body fat percentage range for visible abs in women -filetype:txt -filetype:pdf -filetype:epub -filetype:doc -filetype:docx -filetype:xls -filetype:xlsx -filetype:ppt -filetype:csv -site:youtube.com -site:tiktok.com -site:instagram.com -site:ebay.com -site:jd.com -site:amazon.com -site:iqiyi.com -site:bilibili.com -site:t.me -site:douyin.com -site:douban.com -site:apple.com -site:reddit.com -site:researchgate.net -site:academia.edu -site:dokumen.pub -site:en.wikipedia.org -site:quora.com -site:sciencedirect.com -site:cambridge.org -site:mdpi.com -site:link.springer.com -site:zhuanlan.zhihu.com -site:journals.sagepub.com -site:imdb.com -site:tandfonline.com -site:onlinelibrary.wiley.com -site:brill.com -site:getyourguide.com -site:academic.oup.com -site:www.emerald.com -site:eresources.nlb.gov.sg -site:www.govinfo.gov	0	0	0	0	10	-10	0.0	0.0		17.3
body fat percentage range for women to show abs -filetype:txt -filetype:pdf -filetype:epub -filetype:doc -filetype:docx -filetype:xls -filetype:xlsx -filetype:ppt -filetype:csv -site:youtube.com -site:tiktok.com -site:instagram.com -site:ebay.com -site:jd.com -site:amazon.com -site:iqiyi.com -site:bilibili.com -site:t.me -site:douyin.com -site:douban.com -site:apple.com -site:reddit.com -site:researchgate.net -site:academia.edu -site:dokumen.pub -site:en.wikipedia.org -site:quora.com -site:sciencedirect.com -site:cambridge.org -site:mdpi.com -site:link.springer.com -site:zhuanlan.zhihu.com -site:journals.sagepub.com -site:imdb.com -site:tandfonline.com -site:onlinelibrary.wiley.com -site:brill.com -site:getyourguide.com -site:academic.oup.com -site:www.emerald.com -site:eresources.nlb.gov.sg -site:www.govinfo.gov	0	0	0	0	15	-15	0.0	0.0		20.533333333333335
body fat percentage reference images	0	0	0	26	30	-4	0.0	0.0	6.115384615384615	6.766666666666667
body fat percentage visual	0	0	0	51	29	22	0.0	0.0	26.137254901960784	18.24137931034483
body fat percentage visual chart	0	0	0	15	7	8	0.0	0.0	21.733333333333334	20.428571428571427
body fat percentage visual estimation chart men	0	0	0	0	11	-11	0.0	0.0		15.545454545454545
body fat percentage visual estimation chart men mirror selfie	0	0	0	0	52	-52	0.0	0.0		9.096153846153847
body fat percentage visual guide	0	0	0	27	13	14	0.0	0.0	11.962962962962964	13.076923076923077
body fat percentage visualiser	3	1	2	31	14	17	0.0967741935483871	0.07142857142857142	7.225806451612903	9.357142857142858
body fat percentage visualized	0	0	0	15	5	10	0.0	0.0	8.8	11.8
body fat percentage visualizer	30	6	24	172	108	64	0.1744186046511628	0.05555555555555555	3.9651162790697674	6.962962962962963
body fat percentage with pictures	0	0	0	17	12	5	0.0	0.0	21.41176470588235	18.916666666666668
body fat percentage women	0	0	0	0	21	-21	0.0	0.0		61.666666666666664
body fat percentage women pictures	0	0	0	35	23	12	0.0	0.0	15.428571428571429	25.347826086956523
body fat percentages	0	0	0	1	20	-19	0.0	0.0	9.0	38.0
body fat percentages pictures	0	0	0	8	12	-4	0.0	0.0	13.125	21.75
body fat percentages visualized	0	0	0	46	10	36	0.0	0.0	12.934782608695652	11.1
body fat percentages visuals	0	0	0	10	2	8	0.0	0.0	43.4	37.0
body fat photo calculator	6	0	6	34	7	27	0.17647058823529413	0.0	6.294117647058823	7.285714285714286
body fat photos	0	0	0	21	13	8	0.0	0.0	12.952380952380953	17.46153846153846
body fat photos men	0	0	0	10	5	5	0.0	0.0	11.2	10.0
body fat picture analyzer	0	2	-2	9	17	-8	0.0	0.11764705882352941	7.222222222222222	6.529411764705882
body fat picture calculator	1	0	1	12	3	9	0.08333333333333333	0.0	10.833333333333334	10.0
body fat pictures	0	0	0	17	41	-24	0.0	0.0	20.058823529411764	20.24390243902439
body fat pictures female	0	0	0	9	10	-1	0.0	0.0	10.11111111111111	25.3
body fat pictures male	0	0	0	13	10	3	0.0	0.0	16.76923076923077	20.2
body fat pictures men	0	0	0	23	8	15	0.0	0.0	8.956521739130434	18.125
body fat quiz	2	0	2	17	4	13	0.11764705882352941	0.0	9.411764705882353	7.0
body fat ratio chart	0	0	0	5	15	-10	0.0	0.0	28.8	41.266666666666666
body fat reference images	0	0	0	29	17	12	0.0	0.0	7.551724137931035	8.588235294117647
body fat reference pictures	0	0	0	8	10	-2	0.0	0.0	11.25	8.4
body fat scales app	0	0	0	25	40	-15	0.0	0.0	18.04	23.475
body fat scan	0	0	0	2	14	-12	0.0	0.0	3.0	31.5
body fat scan app	2	1	1	19	20	-1	0.10526315789473684	0.05	5.157894736842105	5.95
body fat scanner	2	1	1	11	34	-23	0.18181818181818182	0.029411764705882353	23.454545454545453	25.41176470588235
body fat scanner ai	1	0	1	11	18	-7	0.09090909090909091	0.0	4.090909090909091	5.166666666666667
body fat scanner app	4	7	-3	32	47	-15	0.125	0.14893617021276595	4.65625	3.7872340425531914
body fat tracker app	0	0	0	32	41	-9	0.0	0.0	6.34375	9.78048780487805
body fat visual	0	0	0	6	11	-5	0.0	0.0	12.333333333333334	21.09090909090909
body fat visual guide	1	0	1	26	13	13	0.038461538461538464	0.0	15.884615384615385	15.461538461538462
body fat visualiser	19	5	14	169	35	134	0.11242603550295859	0.14285714285714285	4.059171597633136	10.428571428571429
body fat visualization	0	0	0	14	1	13	0.0	0.0	25.071428571428573	9.0
body fat visualizer	169	21	148	505	210	295	0.3346534653465347	0.1	2.4514851485148514	6.79047619047619
body fat visualizer female	5	4	1	15	8	7	0.3333333333333333	0.5	3.0	3.375
body fat visualizer men	0	0	0	29	14	15	0.0	0.0	8.068965517241379	10.714285714285714
body fat women	0	0	0	1	14	-13	0.0	0.0	70.0	53.142857142857146
body frame	0	0	0	2	18	-16	0.0	0.0	45.0	9.666666666666666
body frames	0	1	-1	0	10	-10	0.0	0.1		10.5
body mass visualizer	0	0	0	11	18	-7	0.0	0.0	24.09090909090909	9.11111111111111
body measurement app	0	0	0	77	71	6	0.0	0.0	10.25974025974026	11.253521126760564
body measurement app for clothing	0	0	0	18	11	7	0.0	0.0	11.88888888888889	17.181818181818183
body measurement apps	0	0	0	18	14	4	0.0	0.0	10.166666666666666	10.714285714285714
body measurement chart male	0	0	0	15	1	14	0.0	0.0	7.0	10.0
body measurement for men	0	0	0	11	1	10	0.0	0.0	6.7272727272727275	9.0
body measurement guide male	0	0	0	11	0	11	0.0	0.0	9.727272727272727	
body measurement scanner	0	2	-2	18	23	-5	0.0	0.08695652173913043	10.5	15.391304347826088
body measurement software	0	0	0	25	24	1	0.0	0.0	16.119999999999997	19.333333333333332
body measurements app	1	1	0	24	16	8	0.041666666666666664	0.0625	10.208333333333334	11.3125
body measurements chart men	0	0	0	10	0	10	0.0	0.0	8.7	
body measurements for men	3	0	3	151	19	132	0.019867549668874173	0.0	9.927152317880795	14.526315789473685
body measurements for men fitness	0	0	0	11	1	10	0.0	0.0	9.454545454545455	27.0
body measurements for women	1	0	1	37	4	33	0.02702702702702703	0.0	31.486486486486488	37.25
body measurements male	4	1	3	31	12	19	0.12903225806451613	0.08333333333333333	6.870967741935484	10.75
body measurements man	2	0	2	13	2	11	0.15384615384615385	0.0	5.769230769230769	19.0
body measurements men	2	0	2	69	20	49	0.028985507246376812	0.0	7.391304347826087	14.45
body measurements using phone camera	0	0	0	16	8	8	0.0	0.0	15.125	16.75
body measuring app	0	0	0	15	19	-4	0.0	0.0	9.8	12.052631578947368
body metrics ai	0	0	0	2	33	-31	0.0	0.0	11.0	10.333333333333334
body percentage fat pictures	0	0	0	16	3	13	0.0	0.0	31.6875	25.333333333333332
body pod	0	0	0	27	10	17	0.0	0.0	20.11111111111111	34.6
body pod review	0	0	0	14	9	5	0.0	0.0	18.5	19.11111111111111
body proportions male	1	0	1	23	6	17	0.043478260869565216	0.0	8.826086956521738	12.0
body proportions men	0	0	0	16	6	10	0.0	0.0	7.125	12.0
body ranker	0	0	0	12	0	12	0.0	0.0	5.833333333333333	
body rate	0	0	0	20	0	20	0.0	0.0	1.0	
body rate ai	3	0	3	16	1	15	0.1875	0.0	7.3125	3.0
body rater	34	3	31	225	172	53	0.1511111111111111	0.01744186046511628	5.133333333333334	9.75
body rater ai	12	0	12	35	1	34	0.34285714285714286	0.0	3.4571428571428573	10.0
body rating	2	3	-1	160	70	90	0.0125	0.04285714285714286	8.58125	8.457142857142857
body rating ai	22	0	22	89	60	29	0.24719101123595505	0.0	4.887640449438202	5.5
body rating app	0	2	-2	14	23	-9	0.0	0.08695652173913043	2.642857142857143	4.391304347826087
body recomp app	0	0	0	27	28	-1	0.0	0.0	7.037037037037037	8.392857142857142
body recomp skinny fat	0	0	0	18	11	7	0.0	0.0	9.11111111111111	11.454545454545455
body recomposition	0	0	0	22	12	10	0.0	0.0	2.2272727272727275	3.25
body recomposition app	2	1	1	40	25	15	0.05	0.04	6.05	6.36
body recomposition app free	1	0	1	18	15	3	0.05555555555555555	0.0	5.777777777777778	8.2
body recomposition for skinny fat	0	0	0	11	5	6	0.0	0.0	12.727272727272727	16.4
body recomposition skinny fat	0	0	0	20	13	7	0.0	0.0	9.05	12.76923076923077
body recomposition tracking	0	0	0	20	0	20	0.0	0.0	27.6	
body scan app	15	3	12	362	270	92	0.04143646408839779	0.011111111111111112	6.997237569060774	8.18148148148148
body scan app android	1	0	1	45	13	32	0.022222222222222223	0.0	5.333333333333333	9.23076923076923
body scan apps	3	1	2	32	31	1	0.09375	0.03225806451612903	5.40625	8.161290322580644
body scan apps free	0	3	-3	12	31	-19	0.0	0.0967741935483871	4.75	3.967741935483871
body scan mobile	0	0	0	11	4	7	0.0	0.0	21.636363636363637	28.5
body scanner	0	0	0	93	85	8	0.0	0.0	17.989247311827956	20.235294117647058
body scanner app	1	1	0	44	65	-21	0.022727272727272728	0.015384615384615385	5.613636363636363	6.953846153846154
body scanner app for weight loss	1	2	-1	13	19	-6	0.07692307692307693	0.10526315789473684	5.6923076923076925	7.2105263157894735
body scanner apps	0	1	-1	19	10	9	0.0	0.1	6.105263157894737	7.8
body scanner comparison	0	0	0	11	7	4	0.0	0.0	6.545454545454546	15.142857142857142
body scanner free	1	0	1	19	2	17	0.05263157894736842	0.0	5.315789473684211	7.0
body scanning app	0	0	0	60	42	18	0.0	0.0	8.233333333333334	6.690476190476191
body scanning app free	0	0	0	17	8	9	0.0	0.0	3.9411764705882355	3.25
body scanning application	0	1	-1	26	32	-6	0.0	0.03125	4.6923076923076925	10.28125
body scanning apps	0	0	0	7	14	-7	0.0	0.0	4.285714285714286	7.5
body shape scanner app	0	0	0	0	13	-13	0.0	0.0		8.153846153846153
body shape simulator	0	0	0	10	0	10	0.0	0.0	67.8	
body shape visualizer	0	0	0	34	0	34	0.0	0.0	29.264705882352942	
body simulator	0	0	0	13	0	13	0.0	0.0	65.07692307692308	
body size for men	0	0	0	17	7	10	0.0	0.0	8.588235294117647	7.142857142857143
body size man	0	0	0	11	0	11	0.0	0.0	6.2727272727272725	
body size measurement app	0	0	0	13	20	-7	0.0	0.0	12.923076923076923	13.95
body size men	0	0	0	31	14	17	0.0	0.0	6.387096774193548	8.071428571428571
body sizes men	0	0	0	19	25	-6	0.0	0.0	6.842105263157895	7.6
body tracker	0	0	0	20	2	18	0.0	0.0	13.05	12.0
body tracker app	2	0	2	76	12	64	0.02631578947368421	0.0	5.894736842105263	9.75
body tracking app	9	0	9	91	10	81	0.0989010989010989	0.0	6.978021978021978	5.2
body tracking application	0	0	0	20	2	18	0.0	0.0	6.4	7.0
body tracking software	0	0	0	19	0	19	0.0	0.0	22.736842105263158	
body transformation app	3	4	-1	46	55	-9	0.06521739130434782	0.07272727272727272	2.8695652173913047	2.581818181818182
body visualiser	0	0	0	16	0	16	0.0	0.0	48.4375	
body visualizer	0	0	0	70	0	70	0.0	0.0	39.7	
body visualizer 3d	0	0	0	13	0	13	0.0	0.0	49.30769230769231	
body visualizer female	0	0	0	20	0	20	0.0	0.0	43.75	
body visualizer male	1	0	1	21	21	0	0.047619047619047616	0.0	24.80952380952381	9.285714285714286
body visualizer with body fat percentage	19	1	18	28	7	21	0.6785714285714286	0.14285714285714285	1.7857142857142856	12.0
body weight and height visualizer	0	0	0	19	0	19	0.0	0.0	11.578947368421053	
body weight frames	0	0	0	10	5	5	0.0	0.0	71.1	39.8
bodybuilder chest size	0	0	0	16	0	16	0.0	0.0	8.125	
bodybuilder measurements	0	0	0	19	2	17	0.0	0.0	13.157894736842104	16.0
bodybuilding measurements	0	0	0	23	1	22	0.0	0.0	12.782608695652174	39.0
bodybuilding measurements chart	0	0	0	10	5	5	0.0	0.0	7.6	13.6
bodyfat ai	16	8	8	123	85	38	0.13008130081300814	0.09411764705882353	5.560975609756097	6.564705882352941
bodyfat ai estimator	6	2	4	32	27	5	0.1875	0.07407407407407407	5.3125	6.074074074074074
bodyfat app	0	0	0	10	0	10	0.0	0.0	4.3	
bodyfat chart	0	0	0	1	15	-14	0.0	0.0	16.0	16.066666666666666
bodyfat estimate ai	1	2	-1	16	34	-18	0.0625	0.058823529411764705	5.3125	5.794117647058823
bodyfat estimator ai	5	0	5	26	22	4	0.19230769230769232	0.0	5.576923076923077	6.409090909090909
bodyfat scanner	0	0	0	2	26	-24	0.0	0.0	34.5	30.153846153846153
bodyfat visualizer	2	0	2	24	5	19	0.08333333333333333	0.0	4.291666666666666	3.8
bodyfatai	0	1	-1	5	11	-6	0.0	0.09090909090909091	9.0	9.636363636363637
bodyviewwr assessment software comparison	0	0	0	1	68	-67	0.0	0.0	5.0	4.132352941176471
bodyvisualizer	0	0	0	10	0	10	0.0	0.0	42.6	
breast to waist ratio	0	0	0	16	4	12	0.0	0.0	7.3125	8.75
broad frame body	0	0	0	0	11	-11	0.0	0.0		7.818181818181818
building a successful ai-powered fitness app	0	0	0	5	14	-9	0.0	0.0	64.2	61.357142857142854
can ai estimate body fat percentage	1	1	0	25	42	-17	0.04	0.023809523809523808	8.76	6.976190476190476
can you rate my physique	1	0	1	17	0	17	0.058823529411764705	0.0	7.411764705882353	
cehest size men 6 foot 230 lbs	0	0	0	20	0	20	0.0	0.0	7.85	
chest and waist	0	0	0	20	10	10	0.0	0.0	6.35	7.6
chest measurement normal and expanded in inches	0	0	0	10	0	10	0.0	0.0	5.6	
chest ratio	0	0	0	20	1	19	0.0	0.0	3.6	2.0
chest size average male	1	0	1	11	1	10	0.09090909090909091	0.0	8.545454545454547	5.0
chest size men	0	0	0	10	1	9	0.0	0.0	19.3	6.0
chest to height ratio	0	0	0	13	2	11	0.0	0.0	9.23076923076923	9.0
chest to hip ratio	0	0	0	10	0	10	0.0	0.0	9.2	
chest to hip ratio male	0	0	0	10	1	9	0.0	0.0	5.9	10.0
chest to waist	0	0	0	12	3	9	0.0	0.0	3.9166666666666665	7.666666666666667
chest to waist ratio	10	1	9	243	61	182	0.0411522633744856	0.01639344262295082	4.316872427983538	5.721311475409836
chest to waist ratio men	7	2	5	126	25	101	0.05555555555555555	0.08	3.3253968253968256	5.96
chest vs waist	1	0	1	12	6	6	0.08333333333333333	0.0	4.416666666666666	4.666666666666666
chest waist	0	0	0	80	18	62	0.0	0.0	5.1375	6.222222222222222
chest waist hip measurements male	0	0	0	47	0	47	0.0	0.0	8.212765957446809	
chest waist ratio	2	0	2	37	7	30	0.05405405405405406	0.0	5.945945945945946	5.571428571428571
chest waist ratio men	0	1	-1	12	8	4	0.0	0.125	4.083333333333334	7.875
clavicle to waist ratio	0	0	0	31	0	31	0.0	0.0	7.451612903225806	
comic gym	0	0	0	10	2	8	0.0	0.0	8.2	10.0
comics gym	0	0	0	12	2	10	0.0	0.0	8.333333333333332	11.0
compare my progress	0	0	0	32	21	11	0.0	0.0	6.40625	6.428571428571429
cuanto mide una muñeca de mujer promedio	0	0	0	0	12	-12	0.0	0.0		6.416666666666667
cuanto mide una muñeca promedio	0	0	0	0	17	-17	0.0	0.0		4.8235294117647065
dad bod body fat percentage	0	0	0	0	17	-17	0.0	0.0		3.823529411764706
dad bod vs fat	0	1	-1	0	55	-55	0.0	0.01818181818181818		6.818181818181818
develop an ai-based fitness app	0	0	0	7	14	-7	0.0	0.0	31.285714285714285	36.714285714285715
dexa alternative	0	0	0	33	27	6	0.0	0.0	8.787878787878789	9.88888888888889
dexa scan alternative	0	0	0	37	25	12	0.0	0.0	9.54054054054054	11.2
dexa scan alternatives	0	2	-2	54	64	-10	0.0	0.03125	8.537037037037038	7.5625
dexa scan app	0	0	0	13	21	-8	0.0	0.0	9.846153846153847	8.714285714285715
dexa scan visceral fat	0	0	0	21	9	12	0.0	0.0	77.85714285714286	60.55555555555556
dexa visceral fat	0	0	0	16	6	10	0.0	0.0	78.125	60.333333333333336
different body fat percentages	0	0	0	2	15	-13	0.0	0.0	9.5	22.333333333333332
digital body measurements	0	0	0	14	5	9	0.0	0.0	14.785714285714286	19.6
do cameras make you look fatter	0	0	0	29	2	27	0.0	0.0	11.724137931034482	7.5
do i have a long torso	0	0	0	14	0	14	0.0	0.0	10.642857142857142	
do i look fat	5	0	5	170	1	169	0.029411764705882353	0.0	8.094117647058823	53.0
do i look fat in this picture	0	0	0	11	1	10	0.0	0.0	8.09090909090909	8.0
do i look fat?	0	0	0	17	0	17	0.0	0.0	5.352941176470588	
do men have waists	0	0	0	7	22	-15	0.0	0.0	7.428571428571429	7.545454545454546
does camera make you look fatter	0	0	0	10	0	10	0.0	0.0	20.5	
does muscle weigh more than fat	0	0	0	8	54	-46	0.0	0.0	2.0	1.9814814814814814
does the camera make you look fatter	0	0	0	12	4	8	0.0	0.0	12.166666666666666	8.75
easiest body scanning apis for fitness app	0	0	0	0	20	-20	0.0	0.0		7.55
estimate body fat from photo	1	1	0	19	28	-9	0.05263157894736842	0.03571428571428571	4.7368421052631575	7.392857142857143
estimate body fat percentage from photo	5	2	3	73	38	35	0.0684931506849315	0.05263157894736842	4.684931506849315	7.7368421052631575
face at 15 percent body fat	0	0	0	17	0	17	0.0	0.0	7.705882352941177	
face at different body fat percentages	0	0	0	60	17	43	0.0	0.0	8.966666666666667	10.823529411764707
face fat at different body fat percentages	0	0	0	4	10	-6	0.0	0.0	10.75	9.8
facial leanness	0	0	0	3	16	-13	0.0	0.0	13.333333333333334	10.3125
fat by photo	0	0	0	2	14	-12	0.0	0.0	9.5	5.142857142857143
fat dad bod	0	0	0	0	11	-11	0.0	0.0		14.909090909090908
fat face vs lean face	0	0	0	18	16	2	0.0	0.0	6.888888888888889	7.0
fat percentage chart	0	0	0	11	27	-16	0.0	0.0	20.545454545454547	36.407407407407405
fat percentage men	0	0	0	0	18	-18	0.0	0.0		42.333333333333336
fat percentage men pictures	0	0	0	13	8	5	0.0	0.0	12.076923076923077	10.125
fat percentage pics	0	0	0	12	6	6	0.0	0.0	26.5	19.333333333333332
fat percentage pictures	0	0	0	19	12	7	0.0	0.0	18.105263157894736	19.083333333333332
fat visualizer	14	3	11	39	32	7	0.358974358974359	0.09375	2.717948717948718	5.09375
fatt scanner	0	0	0	13	5	8	0.0	0.0	5.153846153846154	6.2
female average waist size	0	0	0	18	5	13	0.0	0.0	41.05555555555556	28.0
female body fat chart	0	0	0	1	11	-10	0.0	0.0	22.0	56.72727272727273
female body fat percentage	0	0	0	0	15	-15	0.0	0.0		45.46666666666667
female body fat percentage chart	0	0	0	3	22	-19	0.0	0.0	16.333333333333336	41.18181818181818
female body fat percentage pictures	0	0	0	13	10	3	0.0	0.0	10.923076923076923	22.2
female body fat visualizer	2	0	2	19	2	17	0.10526315789473684	0.0	9.736842105263158	24.5
female body measurements	0	0	0	10	5	5	0.0	0.0	25.8	42.6
female body visualization	0	0	0	10	0	10	0.0	0.0	57.7	
female body visualizer	0	0	0	40	0	40	0.0	0.0	47.95	
female percentage body fat chart	0	0	0	1	10	-9	0.0	0.0	62.0	24.2
female shoulder width	0	0	0	1	11	-10	0.0	0.0	6.0	5.454545454545454
female visual body fat percentage	0	0	0	20	13	7	0.0	0.0	41.9	27.23076923076923
ffmi chart	1	1	0	183	110	73	0.00546448087431694	0.00909090909090909	8.770491803278688	9.127272727272727
ffmi chart men	0	0	0	19	7	12	0.0	0.0	7.473684210526316	9.571428571428571
ffmi percentiles	0	2	-2	2	13	-11	0.0	0.15384615384615385	8.0	9.153846153846153
ffmi women	1	1	0	11	1	10	0.09090909090909091	1.0	12.545454545454545	12.0
ffmi women chart	0	3	-3	7	10	-3	0.0	0.3	6.142857142857143	7.3
ffmi20	0	0	0	11	13	-2	0.0	0.0	8.272727272727273	11.923076923076923
fit comics	0	0	0	18	13	5	0.0	0.0	6.777777777777778	7.846153846153846
fitness comic	0	1	-1	37	17	20	0.0	0.058823529411764705	5.405405405405405	5.117647058823529
fitness comics	0	0	0	16	8	8	0.0	0.0	4.125	3.375
fitness comix	0	0	0	15	0	15	0.0	0.0	5.266666666666667	
flexed vs unflexed abs	0	0	0	10	0	10	0.0	0.0	8.9	
forearm circumference	0	0	0	15	12	3	0.0	0.0	10.8	9.5
forearm length	1	0	1	75	10	65	0.013333333333333334	0.0	5.253333333333333	6.7
forearm measurement	0	0	0	40	39	1	0.0	0.0	8.525	9.76923076923077
forearm measurement male	1	0	1	10	3	7	0.1	0.0	5.3	8.0
forearm size	0	0	0	42	26	16	0.0	0.0	6.619047619047619	7.384615384615385
forearm size chart	0	0	0	7	22	-15	0.0	0.0	3.142857142857143	7.090909090909091
free	2	2	0	15	17	-2	0.13333333333333333	0.11764705882352941	3.1333333333333333	3.764705882352941
free ai body scan	0	1	-1	11	7	4	0.0	0.14285714285714285	21.727272727272727	3.0
free ai personal trainer app	0	0	0	16	11	5	0.0	0.0	10.3125	9.181818181818182
free ai trainer app	0	0	0	19	9	10	0.0	0.0	5.368421052631579	7.888888888888889
free body scan	1	0	1	11	9	2	0.09090909090909091	0.0	9.454545454545455	10.88888888888889
free body scan app	1	0	1	28	23	5	0.03571428571428571	0.0	5.964285714285714	4.043478260869565
free body scan app android	0	0	0	19	12	7	0.0	0.0	6.368421052631579	6.833333333333333
free body scan app for weight loss	1	1	0	12	14	-2	0.08333333333333333	0.07142857142857142	6.5	4.285714285714286
free body scanner	0	1	-1	14	17	-3	0.0	0.058823529411764705	7.214285714285714	7.882352941176471
free body scanner app	1	2	-1	14	18	-4	0.07142857142857142	0.1111111111111111	3.642857142857143	3.2222222222222223
free body scanner app for weight loss	0	2	-2	26	35	-9	0.0	0.05714285714285714	6.576923076923077	5.885714285714286
free physique rater	6	0	6	19	1	18	0.3157894736842105	0.0	3.1578947368421053	8.0
full body scan app	0	0	0	10	14	-4	0.0	0.0	6.3	9.214285714285714
gain frame	69	80	-11	125	150	-25	0.552	0.5333333333333333	8.696	2.3666666666666667
gain frame app	13	16	-3	18	28	-10	0.7222222222222222	0.5714285714285714	1.0	1.0
gainframe	408	436	-28	615	715	-100	0.6634146341463415	0.6097902097902098	1.0	1.2405594405594407
gainframe android	0	1	-1	2	10	-8	0.0	0.1	5.0	4.4
gainframe app	31	52	-21	56	97	-41	0.5535714285714286	0.5360824742268041	2.196428571428571	1.7113402061855671
gains coach vs fitbod	2	5	-3	36	41	-5	0.05555555555555555	0.12195121951219512	1.9166666666666665	2.3170731707317076
girl hip size	0	0	0	0	15	-15	0.0	0.0		8.133333333333333
girls hip size	0	0	0	0	13	-13	0.0	0.0		9.846153846153847
golden ratio chest to waist	0	0	0	10	1	9	0.0	0.0	14.6	1.0
golden ratio shoulder to waist	0	0	0	34	0	34	0.0	0.0	9.147058823529411	
golden ratio v taper	0	0	0	27	1	26	0.0	0.0	5.592592592592593	10.0
golden ratio waist to shoulder	0	0	0	17	0	17	0.0	0.0	10.0	
golden shoulder to waist ratio	0	0	0	19	0	19	0.0	0.0	8.421052631578949	
good bicep size	0	0	0	13	0	13	0.0	0.0	11.307692307692308	
good chest size for men	0	0	0	31	2	29	0.0	0.0	6.741935483870968	9.0
good chest to waist ratio	0	0	0	15	2	13	0.0	0.0	4.533333333333333	7.0
good forearm size	0	0	0	11	2	9	0.0	0.0	5.7272727272727275	9.0
good shoulder to waist ratio	0	0	0	18	0	18	0.0	0.0	10.555555555555555	
good shoulder to waist ratio men	0	0	0	18	0	18	0.0	0.0	9.277777777777779	
grecian ideal	0	0	0	15	5	10	0.0	0.0	11.066666666666666	5.4
guess my weight by picture	0	0	0	16	0	16	0.0	0.0	11.25	
guess weight by photo online	3	0	3	20	0	20	0.15	0.0	9.45	
guess weight by photo online free	4	0	4	33	17	16	0.12121212121212122	0.0	6.424242424242424	7.882352941176471
guess weight by photo online free female	1	2	-1	10	12	-2	0.1	0.16666666666666666	5.0	7.416666666666667
gym comic	0	0	0	28	14	14	0.0	0.0	6.857142857142857	7.071428571428571
gym comics	0	1	-1	27	15	12	0.0	0.06666666666666667	7.296296296296297	7.733333333333333
hand length	0	0	0	0	49	-49	0.0	0.0		8.591836734693878
hand size	0	0	0	0	34	-34	0.0	0.0		9.735294117647058
healthy chest size for men	0	0	0	10	1	9	0.0	0.0	7.4	7.0
healthy waist size for 5'7 male age 37	0	0	0	10	0	10	0.0	0.0	8.5	
healthy waist size for men	0	0	0	10	8	2	0.0	0.0	14.4	37.5
healthy waist size for women	0	0	0	17	5	12	0.0	0.0	59.0	54.6
healthy waist size women	0	0	0	12	3	9	0.0	0.0	64.5	64.66666666666666
heavier than i look	0	0	0	10	0	10	0.0	0.0	5.9	
height and waist chart	0	0	0	12	1	11	0.0	0.0	12.333333333333334	8.0
height and weight simulator	0	0	0	11	0	11	0.0	0.0	60.09090909090909	
height to waist	0	0	0	16	0	16	0.0	0.0	51.8125	
height to waist ratio	0	0	0	13	0	13	0.0	0.0	51.0	
height waist ratio	0	0	0	11	0	11	0.0	0.0	57.45454545454545	
height weight visualizer	0	0	0	22	0	22	0.0	0.0	14.5	
hevy vs jefit	4	0	4	29	22	7	0.13793103448275862	0.0	9.0	8.40909090909091
high shoulder to waist ratio	0	0	0	11	0	11	0.0	0.0	6.909090909090909	
hip measurement women	0	0	0	8	17	-9	0.0	0.0	2.0	13.176470588235293
hip size	0	0	0	3	38	-35	0.0	0.0	2.0	11.894736842105264
hip size female	0	0	0	5	16	-11	0.0	0.0	30.8	10.1875
hip size for women	0	0	0	0	21	-21	0.0	0.0		7.666666666666667
hip size girl	0	0	0	0	26	-26	0.0	0.0		6.6923076923076925
hollow cheeks body fat percentage	0	0	0	20	1	19	0.0	0.0	7.85	10.0
how 10 body fat look like	0	0	0	5	10	-5	0.0	0.0	10.8	10.6
how big can you get natty	0	0	0	20	0	20	0.0	0.0	7.95	
how big can you get naturally	2	0	2	11	0	11	0.18181818181818182	0.0	1.0	
how big is a forearm	0	0	0	12	3	9	0.0	0.0	5.666666666666667	6.0
how big is a hand	0	0	0	1	16	-15	0.0	0.0	2.0	10.375
how do ai personal trainer apps work?	0	0	0	21	8	13	0.0	0.0	6.809523809523809	7.25
how do i know if i have a long torso	0	0	0	17	1	16	0.0	0.0	10.0	11.0
how do i know if i have long legs	0	0	0	14	2	12	0.0	0.0	8.357142857142858	10.0
how do leading body editor apps handle realistic muscle or height changes?	0	0	0	22	30	-8	0.0	0.0	7.409090909090909	6.833333333333333
how do you know if you have long legs	0	0	0	11	2	9	0.0	0.0	7.454545454545454	10.0
how does 18 body fat look like	0	0	0	10	7	3	0.0	0.0	8.9	10.285714285714286
how does peloton's body benchmarks feature compare to other fitness tracking systems?	0	0	0	11	0	11	0.0	0.0	63.63636363636363	
how long are legs compared to torso	0	0	0	16	0	16	0.0	0.0	10.1875	
how long do newbie gains last	0	0	0	1	82	-81	0.0	0.0	9.0	10.048780487804878
how long does body recomposition take	0	0	0	13	6	7	0.0	0.0	19.46153846153846	21.833333333333332
how long does body recomposition take female	0	0	0	10	9	1	0.0	0.0	22.4	31.0
how long does it take for abs to show	0	0	0	0	11	-11	0.0	0.0		14.727272727272727
how long does it take to lose belly fat	0	0	0	0	12	-12	0.0	0.0		25.083333333333332
how long does it take to see abs	0	0	0	0	10	-10	0.0	0.0		29.8
how long does newbie gains last	0	0	0	1	18	-17	0.0	0.0	10.0	9.444444444444445
how long is a forearm	0	0	0	43	30	13	0.0	0.0	5.674418604651163	8.866666666666667
how long is a forearm in inches	0	0	0	12	5	7	0.0	0.0	4.0	8.6
how long is a hand	0	0	0	2	27	-25	0.0	0.0	2.0	9.88888888888889
how long is a human forearm	0	0	0	11	4	7	0.0	0.0	8.09090909090909	10.75
how long is a long torso	0	0	0	11	0	11	0.0	0.0	12.090909090909092	
how long is the average forearm	0	0	0	30	6	24	0.0	0.0	6.5	7.5
how long is the average hand	0	0	0	1	16	-15	0.0	0.0	1.0	7.375
how long is your forearm	0	0	0	18	9	9	0.0	0.0	6.055555555555555	7.777777777777778
how long should legs be compared to torso	0	0	0	10	0	10	0.0	0.0	10.6	
how many inches is a big bicep	0	0	0	11	0	11	0.0	0.0	8.636363636363637	
how measure body	0	0	0	1	11	-10	0.0	0.0	38.0	42.54545454545455
how much bicep size is good	0	0	0	18	0	18	0.0	0.0	10.333333333333334	
how much do body composition tests like dexa scans cost	0	0	0	77	37	40	0.0	0.0	2.7012987012987013	4.72972972972973
how much is 10 pounds of fat	0	0	0	0	10	-10	0.0	0.0		9.9
how much is 10lbs of fat	0	1	-1	0	12	-12	0.0	0.08333333333333333		8.75
how much muscle can you gain in a month	0	0	0	0	14	-14	0.0	0.0		47.714285714285715
how personal trainers appear in ai	0	0	0	15	6	9	0.0	0.0	16.666666666666664	20.666666666666668
how to calculate shoulder to waist ratio	0	0	0	60	0	60	0.0	0.0	6.85	
how to estimate body fat from mirror selfie photos	0	0	0	0	18	-18	0.0	0.0		8.722222222222221
how to estimate body fat percentage from mirror selfie male	0	0	0	14	6	8	0.0	0.0	42.857142857142854	42.0
how to find shoulder to waist ratio	0	0	0	15	0	15	0.0	0.0	7.333333333333333	
how to know if i have a long torso	0	0	0	21	1	20	0.0	0.0	11.0	27.0
how to know if i have a short or long torso	0	0	0	14	0	14	0.0	0.0	9.071428571428571	
how to know if i have long legs	0	0	0	34	4	30	0.0	0.0	9.882352941176471	9.5
how to know if i have short or long torso	0	0	0	18	1	17	0.0	0.0	10.666666666666666	12.0
how to know if you have a long torso	0	0	0	39	0	39	0.0	0.0	11.282051282051283	
how to know if you have long legs	0	0	0	49	6	43	0.0	0.0	8.83673469387755	8.666666666666668
how to know if you have long or short legs	0	0	0	27	2	25	0.0	0.0	8.518518518518519	8.0
how to know if you have long or short torso	0	0	0	22	0	22	0.0	0.0	11.181818181818182	
how to know if you have long torso	0	0	0	27	1	26	0.0	0.0	10.777777777777779	12.0
how to know if you have short legs	0	0	0	10	0	10	0.0	0.0	10.3	
how to know if you have short or long torso	0	0	0	19	1	18	0.0	0.0	10.894736842105264	12.0
how to know if your legs are longer than torso	0	0	0	12	0	12	0.0	0.0	9.416666666666666	
how to measure forearm	0	0	0	11	1	10	0.0	0.0	13.636363636363637	1.0
how to measure forearm size	0	0	0	13	3	10	0.0	0.0	10.153846153846153	11.333333333333334
how to measure shoulder to hip ratio	0	0	0	16	0	16	0.0	0.0	7.625	
how to measure shoulder to waist ratio	1	0	1	211	1	210	0.004739336492890996	0.0	7.800947867298579	11.0
how to measure v taper	1	0	1	17	0	17	0.058823529411764705	0.0	5.294117647058823	
how to measure v taper ratio	1	0	1	14	0	14	0.07142857142857142	0.0	5.857142857142857	
how to measure visceral fat	0	0	0	15	9	6	0.0	0.0	37.0	27.88888888888889
how to measure waist to shoulder ratio	0	0	0	19	0	19	0.0	0.0	8.210526315789473	
how to measure your visceral fat	0	0	0	12	2	10	0.0	0.0	43.5	40.5
how to read body measurements	0	0	0	0	31	-31	0.0	0.0		8.935483870967742
how to take body measurements	0	0	0	2	16	-14	0.0	0.0	37.5	36.3125
how to tell if you have a long torso	0	0	0	12	0	12	0.0	0.0	11.166666666666666	
how to tell if you have long legs	0	0	0	40	3	37	0.0	0.0	9.275	12.333333333333334
how to tell if you look fat	0	0	0	10	0	10	0.0	0.0	7.5	
how to visually track photography session progress	0	0	0	11	10	1	0.0	0.0	10.727272727272727	14.1
how wide is the average hand	0	0	0	0	16	-16	0.0	0.0		9.4375
hume body pod	0	0	0	33	8	25	0.0	0.0	23.393939393939394	33.25
hume body pod reviews	0	0	0	26	3	23	0.0	0.0	17.423076923076923	29.0
hume health body pod	0	0	0	18	10	8	0.0	0.0	24.77777777777778	33.9
hume health body pod review	0	0	0	12	6	6	0.0	0.0	20.5	22.5
hume health body pod reviews	0	1	-1	12	11	1	0.0	0.09090909090909091	20.75	28.818181818181817
hume pod	0	0	0	36	10	26	0.0	0.0	24.75	30.7
humehealth body pod	0	0	0	14	0	14	0.0	0.0	21.428571428571427	
i want to track body composition changes what app does this?	0	0	0	10	6	4	0.0	0.0	7.0	6.0
i weigh more than i look	0	0	0	33	15	18	0.0	0.0	7.454545454545454	5.066666666666666
ideal arm size female	0	0	0	0	13	-13	0.0	0.0		5.846153846153846
ideal body measurement	1	0	1	14	0	14	0.07142857142857142	0.0	11.5	
ideal body measurements	2	0	2	89	26	63	0.02247191011235955	0.0	10.280898876404494	15.307692307692308
ideal body measurements for men	5	1	4	57	24	33	0.08771929824561403	0.041666666666666664	5.7894736842105265	7.5
ideal body measurements for women	1	0	1	79	32	47	0.012658227848101266	0.0	7.012658227848101	9.90625
ideal body measurements male	1	1	0	15	13	2	0.06666666666666667	0.07692307692307693	5.0	10.846153846153847
ideal body proportions	0	0	0	20	5	15	0.0	0.0	11.4	21.0
ideal body proportions female	0	0	0	15	13	2	0.0	0.0	14.733333333333333	10.153846153846153
ideal body proportions male	1	0	1	28	11	17	0.03571428571428571	0.0	9.107142857142858	11.0
ideal body size for men	2	0	2	17	1	16	0.11764705882352941	0.0	5.529411764705882	6.0
ideal chest size	0	0	0	25	9	16	0.0	0.0	8.559999999999999	9.222222222222221
ideal chest size for 6 feet male	0	0	0	57	13	44	0.0	0.0	7.754385964912281	10.153846153846153
ideal chest size for male	0	0	0	56	14	42	0.0	0.0	8.75	10.428571428571429
ideal chest size for men	0	0	0	14	2	12	0.0	0.0	9.5	11.5
ideal chest size male	0	0	0	59	10	49	0.0	0.0	7.033898305084746	10.0
ideal chest to waist ratio	0	0	0	40	9	31	0.0	0.0	6.5	7.777777777777778
ideal chest to waist ratio male	0	0	0	33	15	18	0.0	0.0	6.575757575757576	8.866666666666667
ideal female body measurements	0	0	0	21	5	16	0.0	0.0	10.857142857142858	23.2
ideal female measurements	0	0	0	15	7	8	0.0	0.0	17.533333333333335	25.142857142857142
ideal hip size for a woman	0	0	0	11	6	5	0.0	0.0	7.7272727272727275	7.333333333333333
ideal male body measurements	0	0	0	26	8	18	0.0	0.0	8.076923076923077	16.75
ideal male body proportions	1	0	1	11	7	4	0.09090909090909091	0.0	9.363636363636363	12.142857142857142
ideal male chest size	0	0	0	12	0	12	0.0	0.0	11.666666666666666	
ideal male physique measurements	0	0	0	12	2	10	0.0	0.0	10.416666666666666	22.0
ideal male proportions	1	0	1	22	4	18	0.045454545454545456	0.0	9.181818181818182	21.0
ideal male shoulder to waist ratio	0	0	0	16	0	16	0.0	0.0	6.625	
ideal measurements	0	0	0	21	7	14	0.0	0.0	9.047619047619047	17.285714285714285
ideal measurements for a man	0	0	0	12	6	6	0.0	0.0	6.166666666666667	9.833333333333334
ideal measurements for a woman	0	1	-1	26	8	18	0.0	0.125	8.0	21.75
ideal measurements for men	1	0	1	25	9	16	0.04	0.0	4.0	5.444444444444445
ideal measurements for women	0	0	0	26	13	13	0.0	0.0	9.615384615384615	8.76923076923077
ideal men body measurements	1	0	1	11	1	10	0.09090909090909091	0.0	7.909090909090909	7.0
ideal proportion male	0	0	0	23	10	13	0.0	0.0	6.130434782608695	7.3
ideal proportions male	0	0	0	15	6	9	0.0	0.0	8.0	12.5
ideal shoulder to waist ratio	0	0	0	114	0	114	0.0	0.0	9.535087719298245	
ideal shoulder to waist ratio for men	0	0	0	19	0	19	0.0	0.0	9.210526315789474	
ideal shoulder to waist ratio male	1	0	1	66	0	66	0.015151515151515152	0.0	8.530303030303031	
ideal shoulder to waist ratio men	0	0	0	29	0	29	0.0	0.0	6.827586206896552	
ideal size for men	0	0	0	17	9	8	0.0	0.0	6.470588235294118	7.111111111111111
ideal v taper ratio	0	0	0	13	3	10	0.0	0.0	7.538461538461538	7.333333333333333
ideal vital statistics for women	0	0	0	13	5	8	0.0	0.0	8.307692307692307	9.4
ideal waist size for 5 2 woman	0	0	0	14	2	12	0.0	0.0	29.142857142857142	45.0
ideal waist size for 5 7 man	0	0	0	9	17	-8	0.0	0.0	6.444444444444445	7.117647058823529
ideal waist size for a woman	0	0	0	34	16	18	0.0	0.0	40.588235294117645	46.5
ideal waist to chest ratio male	0	0	0	19	3	16	0.0	0.0	5.0	5.666666666666667
ideal waist to shoulder ratio	0	0	0	10	0	10	0.0	0.0	8.3	
ideal waist to shoulder ratio for men	0	0	0	24	1	23	0.0	0.0	8.583333333333332	23.0
ideal woman measurements	0	0	0	11	1	10	0.0	0.0	10.545454545454545	12.0
ideal women measurements	0	0	0	15	3	12	0.0	0.0	13.333333333333334	23.666666666666668
im a healthy weight but look chubky	0	0	0	36	0	36	0.0	0.0	8.222222222222221	
inbody alternative	1	1	0	34	44	-10	0.029411764705882353	0.022727272727272728	3.7058823529411766	7.159090909090909
inbody competitors	0	1	-1	13	15	-2	0.0	0.06666666666666667	4.6923076923076925	6.133333333333334
inbody dial h30 vs withings body scan	0	0	0	12	12	0	0.0	0.0	13.833333333333334	17.083333333333332
inbody tissue alternative	0	1	-1	19	25	-6	0.0	0.04	3.5789473684210527	3.32
inbody vs withings	0	0	0	21	24	-3	0.0	0.0	12.571428571428571	12.291666666666666
inbody vs withings body scan	0	0	0	5	18	-13	0.0	0.0	17.2	13.88888888888889
"intitle:""strava"" ""2026"" -tiktok.com -facebook.com -linkedin.com -x.com -instagram.com -reddit.com ""free"" ""download"""	0	0	0	11	0	11	0.0	0.0	70.45454545454545	
is 12 inch biceps good	0	0	0	10	0	10	0.0	0.0	12.4	
is 12.5 inch biceps good	0	0	0	29	0	29	0.0	0.0	7.931034482758621	
is 13 inch biceps good	0	0	0	12	0	12	0.0	0.0	12.333333333333334	
is 13 inch biceps good for 17 year old	0	0	0	12	0	12	0.0	0.0	8.0	
is 14 inch arms good	0	0	0	12	0	12	0.0	0.0	10.0	
is 14 inch biceps good	0	0	0	24	0	24	0.0	0.0	9.125	
is 14 inch biceps good for 17 year old	0	0	0	15	1	14	0.0	0.0	8.0	11.0
is 14.5 inch biceps good	0	0	0	39	0	39	0.0	0.0	9.615384615384615	
is 15 inch arms big	0	0	0	12	0	12	0.0	0.0	11.083333333333334	
is 15 inch arms good	0	0	0	13	0	13	0.0	0.0	10.307692307692308	
is 15 inch biceps good	0	0	0	49	0	49	0.0	0.0	8.73469387755102	
is 15 inch biceps good for 17 year old	0	0	0	12	0	12	0.0	0.0	5.916666666666667	
is 15 inch shoulders broad for female	0	0	0	4	14	-10	0.0	0.0	5.0	6.357142857142857
is 16 inch shoulders broad for female	0	0	0	0	19	-19	0.0	0.0		8.157894736842106
is 23 inch thighs big	0	0	0	12	3	9	0.0	0.0	6.333333333333333	6.666666666666667
is 28 inch waist small for a man	0	0	0	15	3	12	0.0	0.0	7.4	7.0
is 30 inch waist big for a woman	0	0	0	16	4	12	0.0	0.0	7.25	13.0
is 30 inch waist small for a man	0	0	0	16	1	15	0.0	0.0	4.3125	4.0
is 30 waist small for a man	0	0	0	12	5	7	0.0	0.0	4.333333333333334	6.4
is 33 inch waist big for a woman	0	1	-1	21	2	19	0.0	0.5	9.333333333333334	1.0
is 33 inch waist fat for a woman	0	0	0	10	0	10	0.0	0.0	2.1	
is 34 inch chest good for men	0	0	0	15	1	14	0.0	0.0	9.733333333333333	11.0
is 34 inch waist fat for a man	0	0	0	12	2	10	0.0	0.0	8.916666666666668	7.5
is 34 inch waist mana medium	0	0	0	0	19	-19	0.0	0.0		10.0
is 36 inch hips big for a woman	0	0	0	12	2	10	0.0	0.0	7.333333333333333	4.0
is 36 inch waist fat for a man	0	0	0	10	10	0	0.0	0.0	8.5	6.5
is 36 waist big for a man	0	0	0	17	9	8	0.0	0.0	6.176470588235294	4.0
is 38 inch hips big for a woman	0	0	0	0	12	-12	0.0	0.0		3.0
is 38 inch waist fat for a man	0	0	0	11	12	-1	0.0	0.0	5.363636363636363	7.666666666666667
is 40 cm shoulder broad for a woman	0	0	0	0	15	-15	0.0	0.0		7.6
is 40 inch hips big for a woman	0	0	0	0	17	-17	0.0	0.0		7.176470588235294
is 41 inch hips big for a woman	0	0	0	4	22	-18	0.0	0.0	9.5	5.2272727272727275
is a 15 inch bicep big	0	0	0	12	1	11	0.0	0.0	9.25	11.0
is a 15 inch bicep good	0	0	0	18	2	16	0.0	0.0	9.777777777777779	4.0
is a 29 inch waist small for a man	0	0	0	12	3	9	0.0	0.0	5.75	6.666666666666667
is a 30 inch waist big for a woman	0	0	0	10	3	7	0.0	0.0	6.5	10.333333333333334
is a 30 waist small for a woman	0	0	0	19	3	16	0.0	0.0	10.052631578947368	10.666666666666666
is a 31 inch waist big for a woman	0	0	0	10	2	8	0.0	0.0	11.0	10.5
is a 31 inch waist small for a man	0	0	0	1	11	-10	0.0	0.0	6.0	7.181818181818182
is a 32 inch waist small for a man	0	0	0	12	1	11	0.0	0.0	7.833333333333333	18.0
is a 33 inch waist big for a woman	0	0	0	13	1	12	0.0	0.0	9.307692307692308	1.0
is a 34 inch waist big	0	0	0	11	0	11	0.0	0.0	9.181818181818182	
is a 34 inch waist big for a man	0	0	0	9	11	-2	0.0	0.0	3.111111111111111	5.454545454545454
is a 34 inch waist big for a woman	0	0	0	28	8	20	0.0	0.0	6.0	14.0
is a 36 inch waist big for a man	0	0	0	9	27	-18	0.0	0.0	3.111111111111111	4.703703703703704
is a 38 inch waist big for a man	1	0	1	3	11	-8	0.3333333333333333	0.0	4.666666666666666	5.545454545454546
is a 40 inch waist big for a man	0	0	0	3	11	-8	0.0	0.0	4.0	8.181818181818182
is a 48 inch chest big for a man	1	0	1	12	2	10	0.08333333333333333	0.0	8.583333333333332	10.0
is a dad bod fat	0	0	0	0	12	-12	0.0	0.0		9.416666666666666
is macrofactor free	0	0	0	19	0	19	0.0	0.0	20.157894736842106	
is rate my physique free	3	0	3	29	5	24	0.10344827586206896	0.0	4.241379310344827	10.4
is the thelo app free	0	0	0	12	0	12	0.0	0.0	4.25	
is there an app that can scan my body for clothing sizes yet	0	0	0	34	0	34	0.0	0.0	6.323529411764706	
jawline at different body fat	2	0	2	20	9	11	0.1	0.0	4.3	11.777777777777779
jawline at different body fat percentages	0	1	-1	16	9	7	0.0	0.1111111111111111	4.1875	5.444444444444445
jefit vs hevy	2	1	1	41	18	23	0.04878048780487805	0.05555555555555555	6.902439024390244	9.055555555555555
large frame bmi calculator	0	0	0	10	0	10	0.0	0.0	86.7	
lat width	0	0	0	27	0	27	0.0	0.0	9.333333333333334	
lean lens	0	0	0	1	11	-10	0.0	0.0	4.0	4.636363636363637
lean lens ai	0	0	0	0	11	-11	0.0	0.0		5.181818181818182
lean mass	0	0	0	8	13	-5	0.0	0.0	66.875	79.53846153846153
lean muscle mass	0	0	0	7	13	-6	0.0	0.0	66.57142857142857	68.84615384615384
lean vs fat face	0	0	0	10	1	9	0.0	0.0	7.0	8.0
leanlens	1	1	0	290	169	121	0.0034482758620689655	0.005917159763313609	5.555172413793104	5.597633136094674
leanlens ai	0	0	0	27	47	-20	0.0	0.0	5.222222222222222	5.574468085106383
leanlens ai body analysis app	0	0	0	12	19	-7	0.0	0.0	7.166666666666667	6.578947368421052
leanlioness competitors	0	0	0	0	26	-26	0.0	0.0		9.153846153846153
leg to torso ratio	0	0	0	13	1	12	0.0	0.0	10.615384615384615	11.0
length of a forearm	0	0	0	10	1	9	0.0	0.0	5.2	5.0
levels of body fat with pictures	0	0	0	13	5	8	0.0	0.0	59.61538461538461	47.4
long torso	0	0	0	19	0	19	0.0	0.0	10.263157894736842	
long torso meaning	0	0	0	43	0	43	0.0	0.0	10.046511627906977	
long torso means	0	0	0	22	3	19	0.0	0.0	9.818181818181818	9.666666666666666
long torso vs long legs	0	0	0	16	1	15	0.0	0.0	9.3125	8.0
long torso vs short torso	0	0	0	10	0	10	0.0	0.0	21.8	
look fat	0	0	0	11	0	11	0.0	0.0	6.181818181818182	
losing inches but not weight	0	0	0	0	12	-12	0.0	0.0		14.25
macrofactor	0	0	0	21	1	20	0.0	0.0	17.857142857142858	20.0
macrofactor review	0	0	0	10	0	10	0.0	0.0	26.8	
male 18 body fat	0	0	0	12	0	12	0.0	0.0	24.25	
male average chest size	0	0	0	10	1	9	0.0	0.0	11.7	5.0
male average waist size	0	0	0	4	10	-6	0.0	0.0	8.5	9.7
male body fat percentage	0	0	0	0	25	-25	0.0	0.0		43.2
male body fat percentage chart	0	0	0	18	24	-6	0.0	0.0	20.27777777777778	31.625
male body fat percentage pictures	0	0	0	52	26	26	0.0	0.0	14.76923076923077	13.0
male body fat percentage visual guide	1	0	1	26	17	9	0.038461538461538464	0.0	11.192307692307692	9.352941176470589
male body fat pictures	0	0	0	11	4	7	0.0	0.0	13.0	22.0
male body fat visualizer	0	2	-2	23	11	12	0.0	0.18181818181818182	5.0	4.818181818181818
male body measurements	1	0	1	43	8	35	0.023255813953488372	0.0	7.953488372093023	11.5
male body measurements chart	1	0	1	36	1	35	0.027777777777777776	0.0	8.194444444444445	13.0
male body proportion	0	0	0	12	0	12	0.0	0.0	8.25	
male body proportions	1	0	1	121	62	59	0.008264462809917356	0.0	7.330578512396694	9.064516129032258
male body size	0	0	0	15	4	11	0.0	0.0	7.4	6.75
male body sizes	0	0	0	19	8	11	0.0	0.0	6.368421052631579	9.25
male body visualizer	0	0	0	28	0	28	0.0	0.0	28.357142857142858	
male chest to waist ratio	0	0	0	10	1	9	0.0	0.0	5.1	1.0
male measurements	1	0	1	19	3	16	0.05263157894736842	0.0	10.105263157894736	23.333333333333332
male proportions	0	0	0	57	3	54	0.0	0.0	8.403508771929825	14.666666666666666
male shoulder to hip ratio	0	0	0	15	0	15	0.0	0.0	8.333333333333332	
male shoulder to waist ratio	0	0	0	12	0	12	0.0	0.0	7.416666666666667	
male waist	0	0	0	10	5	5	0.0	0.0	7.2	19.0
male waist size	0	0	0	15	8	7	0.0	0.0	8.266666666666666	11.5
man body measurements	1	0	1	17	1	16	0.058823529411764705	0.0	6.352941176470588	19.0
man body size	0	1	-1	14	9	5	0.0	0.1111111111111111	7.714285714285714	10.11111111111111
man waist	0	0	0	6	10	-4	0.0	0.0	7.333333333333333	9.8
max ffmi for natural	0	0	0	12	0	12	0.0	0.0	10.166666666666666	
max natty physique	0	0	0	16	0	16	0.0	0.0	5.9375	
measure shoulder to waist ratio	0	0	0	10	0	10	0.0	0.0	6.2	
medidas ideales hombre	0	0	0	17	1	16	0.0	0.0	10.705882352941176	43.0
medidas perfectas de un hombre	0	0	0	10	1	9	0.0	0.0	14.3	43.0
melhores aplicativos e ferramentas de rastreamento de fitness com ia	0	0	0	18	17	1	0.0	0.0	35.94444444444444	32.82352941176471
men average chest size	0	0	0	11	1	10	0.0	0.0	6.363636363636363	6.0
men body fat percentage	0	0	0	0	24	-24	0.0	0.0		43.125
men body fat percentage chart	0	0	0	4	12	-8	0.0	0.0	23.75	31.583333333333332
men body fat percentage pictures	0	0	0	68	29	39	0.0	0.0	8.779411764705882	10.517241379310345
men body measurements	2	0	2	49	4	45	0.04081632653061224	0.0	5.8979591836734695	9.5
men body size	0	0	0	19	4	15	0.0	0.0	7.684210526315789	7.75
men body sizes	0	0	0	16	7	9	0.0	0.0	7.625	8.142857142857142
men chest to waist ratio	0	0	0	20	5	15	0.0	0.0	4.55	6.6
men fat percentage images	0	1	-1	11	7	4	0.0	0.14285714285714285	8.181818181818182	8.0
men measurements	0	0	0	18	0	18	0.0	0.0	8.5	
men proportions	0	0	0	18	8	10	0.0	0.0	6.055555555555555	7.75
men shoulder to waist ratio	0	0	0	21	0	21	0.0	0.0	8.285714285714285	
men waist	0	0	0	13	11	2	0.0	0.0	7.153846153846154	10.272727272727273
men waist size	0	0	0	13	1	12	0.0	0.0	9.846153846153847	25.0
men's body fat percentage pictures	0	0	0	9	10	-1	0.0	0.0	11.11111111111111	20.8
mens body chart	0	0	0	19	1	18	0.0	0.0	7.947368421052632	9.0
mens waist	0	0	0	7	10	-3	0.0	0.0	18.571428571428573	27.4
methreesixty	0	0	0	10	1	9	0.0	0.0	3.6	4.0
methreesixty app	0	0	0	12	3	9	0.0	0.0	2.083333333333333	2.0
methreesixty vs zozofit	1	1	0	14	9	5	0.07142857142857142	0.1111111111111111	4.857142857142858	5.888888888888889
morphoscan vs hume body pod reviews	0	0	0	20	0	20	0.0	0.0	18.2	
most aesthetic body fat percentage men	1	0	1	11	7	4	0.09090909090909091	0.0	10.727272727272727	15.428571428571429
muscle mass	0	0	0	13	31	-18	0.0	0.0	53.23076923076923	59.61290322580645
muscle mass percentage	0	0	0	17	6	11	0.0	0.0	37.294117647058826	39.0
muscle percentage	0	0	0	10	7	3	0.0	0.0	34.7	37.714285714285715
muscle proportions	0	0	0	15	4	11	0.0	0.0	8.8	7.5
my abs only show when i flex	0	0	0	11	1	10	0.0	0.0	5.0	5.0
myfitnesspal progress photos feature official	0	0	0	81	11	70	0.0	0.0	8.098765432098766	9.272727272727273
myfitnesspal progress photos official feature	0	0	0	10	0	10	0.0	0.0	7.3	
natty limit	3	0	3	65	0	65	0.046153846153846156	0.0	3.830769230769231	
natty weight	0	0	0	13	0	13	0.0	0.0	9.461538461538462	
natural limit	1	0	1	33	0	33	0.030303030303030304	0.0	6.606060606060606	
neck size	0	0	0	0	12	-12	0.0	0.0		7.916666666666667
newbie gains	0	0	0	0	22	-22	0.0	0.0		12.272727272727273
no tracking photo app	0	0	0	36	46	-10	0.0	0.0	7.083333333333333	7.108695652173913
normal bicep size	0	0	0	13	6	7	0.0	0.0	8.23076923076923	5.833333333333333
normal bicep size for men	0	0	0	12	1	11	0.0	0.0	8.583333333333332	9.0
normal biceps size	0	0	0	32	4	28	0.0	0.0	9.15625	10.25
normal biceps size for men	0	0	0	12	4	8	0.0	0.0	7.5	5.75
normal chest circumference of adult male	0	0	0	13	3	10	0.0	0.0	5.153846153846154	6.0
normal chest measurement male	0	0	0	15	4	11	0.0	0.0	8.733333333333334	5.5
normal chest men	0	0	0	10	1	9	0.0	0.0	8.0	6.0
normal chest size	0	0	0	30	36	-6	0.0	0.0	7.933333333333334	8.777777777777779
normal chest size for male	0	0	0	43	10	33	0.0	0.0	7.186046511627907	5.1
normal chest size for men	0	0	0	12	5	7	0.0	0.0	9.666666666666666	9.8
normal chest size in inch male	0	0	0	17	5	12	0.0	0.0	7.588235294117647	6.0
normal forearm size	0	0	0	4	12	-8	0.0	0.0	5.0	5.666666666666667
normal hip size	0	0	0	0	18	-18	0.0	0.0		5.777777777777778
normal hip size for female	0	2	-2	42	314	-272	0.0	0.006369426751592357	7.785714285714286	6.525477707006369
normal hip size for female in inches	0	1	-1	0	10	-10	0.0	0.1		4.0
normal male chest size	0	0	0	11	3	8	0.0	0.0	11.0	6.333333333333333
normal range and classification standards for female body fat percentage -filetype:txt -filetype:pdf -filetype:epub -filetype:doc -filetype:docx -filetype:xls -filetype:xlsx -filetype:ppt -filetype:csv -site:youtube.com -site:tiktok.com -site:instagram.com -site:ebay.com -site:jd.com -site:amazon.com -site:iqiyi.com -site:bilibili.com -site:t.me -site:douyin.com -site:douban.com -site:apple.com -site:reddit.com -site:researchgate.net -site:academia.edu -site:dokumen.pub -site:en.wikipedia.org -site:quora.com -site:sciencedirect.com -site:cambridge.org -site:mdpi.com -site:link.springer.com -site:zhuanlan.zhihu.com -site:journals.sagepub.com -site:imdb.com -site:tandfonline.com -site:onlinelibrary.wiley.com -site:brill.com -site:getyourguide.com -site:academic.oup.com -site:www.emerald.com -site:eresources.nlb.gov.sg -site:www.govinfo.gov	0	0	0	0	13	-13	0.0	0.0		24.307692307692307
normal skeletal muscle percentage	0	0	0	13	9	4	0.0	0.0	32.61538461538461	29.666666666666668
normal thigh size for female	0	0	0	10	8	2	0.0	0.0	7.9	9.875
normal thigh size for male	0	0	0	10	3	7	0.0	0.0	3.9	3.3333333333333335
normal torso to leg ratio	0	0	0	11	0	11	0.0	0.0	9.818181818181818	
normal waist size	0	0	0	20	4	16	0.0	0.0	17.3	34.5
normal waist size for female	0	0	0	17	7	10	0.0	0.0	32.294117647058826	21.285714285714285
normal waist size for female in cm	0	0	0	14	2	12	0.0	0.0	23.214285714285715	33.5
normal waist size for female in inches	1	1	0	15	7	8	0.06666666666666667	0.14285714285714285	14.2	9.0
normal waist size for male	0	0	0	25	31	-6	0.0	0.0	8.719999999999999	5.129032258064516
optimal body fat for male facial definition	0	0	0	40	0	40	0.0	0.0	6.575	
optimal shoulder to waist ratio	0	0	0	14	0	14	0.0	0.0	8.071428571428571	
optimal shoulder to waist ratio men	0	0	0	12	0	12	0.0	0.0	7.583333333333333	
perfect body measurements	0	0	0	49	2	47	0.0	0.0	12.693877551020408	10.0
perfect body measurements for 5 10 male	0	0	0	18	12	6	0.0	0.0	10.11111111111111	11.166666666666666
perfect body measurements for 5 2 female	0	0	0	21	5	16	0.0	0.0	9.142857142857142	14.0
perfect body measurements for 5 7 male	0	0	0	10	7	3	0.0	0.0	10.5	12.0
perfect body measurements for female	1	0	1	20	4	16	0.05	0.0	11.35	10.75
perfect body measurements for women	0	0	0	42	5	37	0.0	0.0	12.857142857142858	12.4
perfect body proportions male	1	0	1	16	3	13	0.0625	0.0	8.8125	11.333333333333334
perfect body ratio	0	0	0	18	5	13	0.0	0.0	8.777777777777779	16.2
perfect body ratio for female	0	0	0	23	4	19	0.0	0.0	9.217391304347826	18.75
perfect body ratio for male	0	0	0	26	4	22	0.0	0.0	6.8076923076923075	9.75
perfect body shape for female in inches	0	0	0	14	1	13	0.0	0.0	4.5	6.0
perfect body shape size for ladies	0	0	0	12	3	9	0.0	0.0	20.0	14.666666666666666
perfect body size	0	0	0	13	1	12	0.0	0.0	13.615384615384615	24.0
perfect chest size for male	0	0	0	23	2	21	0.0	0.0	7.6521739130434785	18.5
perfect figure size for 5 4 woman	0	0	0	43	1	42	0.0	0.0	8.279069767441861	10.0
perfect figure size for 5 woman	1	0	1	38	7	31	0.02631578947368421	0.0	9.868421052631579	10.428571428571429
perfect male body measurements	1	0	1	13	12	1	0.07692307692307693	0.0	7.846153846153846	13.916666666666666
perfect male body proportions	0	0	0	14	1	13	0.0	0.0	9.142857142857142	20.0
perfect male body size	0	0	0	124	14	110	0.0	0.0	7.056451612903226	12.142857142857142
perfect male proportions	0	0	0	14	1	13	0.0	0.0	8.214285714285715	36.0
perfect measurements for a woman	0	0	0	48	8	40	0.0	0.0	12.375	21.0
perfect proportions male	0	0	0	10	2	8	0.0	0.0	6.5	8.0
perfect shoulder to waist ratio	1	0	1	17	0	17	0.058823529411764705	0.0	7.117647058823529	
perfect shoulder to waist ratio men	0	0	0	12	0	12	0.0	0.0	9.416666666666666	
perfect size for men	0	0	0	37	14	23	0.0	0.0	7.675675675675675	8.285714285714285
perfect vital statistics for women	0	0	0	17	19	-2	0.0	0.0	8.117647058823529	8.368421052631579
perfect vital statistics of a woman	0	0	0	28	3	25	0.0	0.0	10.785714285714286	25.333333333333332
perfect woman body size	0	0	0	14	2	12	0.0	0.0	16.5	55.0
personal ai trainer	0	0	0	31	21	10	0.0	0.0	11.225806451612904	28.333333333333332
personal trainer ai	0	0	0	56	11	45	0.0	0.0	10.196428571428571	13.363636363636363
personal trainer ai app	0	1	-1	14	22	-8	0.0	0.045454545454545456	5.857142857142857	7.2272727272727275
personal trainers ai search	0	0	0	8	15	-7	0.0	0.0	8.625	14.0
photo body fat calculator	0	0	0	7	16	-9	0.0	0.0	4.857142857142858	8.6875
photo body fat estimate accuracy study	0	0	0	10	3	7	0.0	0.0	7.1	9.333333333333334
photo body fat estimator	2	1	1	10	13	-3	0.2	0.07692307692307693	4.7	7.461538461538462
photo progress app	1	1	0	20	23	-3	0.05	0.043478260869565216	5.3	5.956521739130435
photo tracking app	0	1	-1	6	15	-9	0.0	0.06666666666666667	6.666666666666667	5.533333333333333
physic rater	3	0	3	12	4	8	0.25	0.0	4.5	6.0
physique ai	1	0	1	24	2	22	0.041666666666666664	0.0	6.083333333333333	2.5
physique ai rater	3	0	3	13	10	3	0.23076923076923078	0.0	4.3076923076923075	5.8
physique check	0	0	0	74	1	73	0.0	0.0	8.864864864864865	30.0
physique check ai	4	0	4	30	5	25	0.13333333333333333	0.0	4.766666666666667	7.0
physique rate	1	0	1	17	1	16	0.058823529411764705	0.0	7.470588235294118	9.0
physique rate ai	2	0	2	31	6	25	0.06451612903225806	0.0	3.161290322580645	5.333333333333333
physique rater	115	8	107	547	292	255	0.21023765996343693	0.0273972602739726	3.9469835466179157	7.4965753424657535
physique rater ai	17	0	17	88	11	77	0.19318181818181818	0.0	3.7045454545454546	8.272727272727273
physique rater free	9	0	9	23	0	23	0.391304347826087	0.0	2.3043478260869565	
physique rating	6	9	-3	121	159	-38	0.049586776859504134	0.05660377358490566	9.652892561983471	9.09433962264151
physique rating ai	31	8	23	133	77	56	0.23308270676691728	0.1038961038961039	3.744360902255639	5.246753246753247
physique rating app	0	1	-1	12	15	-3	0.0	0.06666666666666667	4.5	5.133333333333334
picture of body composition	0	0	0	10	0	10	0.0	0.0	7.9	
progress photo app	2	2	0	56	57	-1	0.03571428571428571	0.03508771929824561	4.267857142857142	4.614035087719298
progress photo app free	2	3	-1	21	20	1	0.09523809523809523	0.15	2.1904761904761907	2.35
progress photos app	2	3	-1	14	22	-8	0.14285714285714285	0.13636363636363635	3.4285714285714284	5.590909090909091
progress pic app	1	0	1	17	18	-1	0.058823529411764705	0.0	4.470588235294118	4.888888888888889
progress pics app	2	0	2	10	24	-14	0.2	0.0	4.2	4.75
progress picture app	1	2	-1	20	27	-7	0.05	0.07407407407407407	4.2	4.888888888888889
progress pictures app	0	0	0	4	10	-6	0.0	0.0	3.75	6.4
rate body	1	0	1	29	3	26	0.034482758620689655	0.0	9.655172413793103	44.0
rate body ai	3	0	3	17	0	17	0.17647058823529413	0.0	7.764705882352941	
rate my body	19	0	19	445	71	374	0.04269662921348315	0.0	7.48314606741573	10.845070422535212
rate my body ai	28	1	27	95	18	77	0.29473684210526313	0.05555555555555555	3.4526315789473685	9.277777777777779
rate my body ai free	4	0	4	13	0	13	0.3076923076923077	0.0	2.5384615384615383	
rate my body female	1	0	1	26	0	26	0.038461538461538464	0.0	7.846153846153846	
rate my body free	5	0	5	18	1	17	0.2777777777777778	0.0	2.4444444444444446	11.0
rate my physique	9	0	9	173	7	166	0.05202312138728324	0.0	9.104046242774567	14.857142857142858
rate my physique ai	36	2	34	111	64	47	0.32432432432432434	0.03125	5.675675675675675	9.359375
rate my physique ai free	2	0	2	11	15	-4	0.18181818181818182	0.0	3.1818181818181817	8.266666666666666
rate my physique free	29	0	29	75	6	69	0.38666666666666666	0.0	3.12	9.166666666666666
rate physique	1	0	1	20	1	19	0.05	0.0	8.9	8.0
rate physique ai	5	0	5	26	15	11	0.19230769230769232	0.0	3.769230769230769	5.8
rate this physique	2	0	2	22	0	22	0.09090909090909091	0.0	5.090909090909091	
rating body	0	0	0	13	2	11	0.0	0.0	10.23076923076923	7.0
ray ai personal trainer	2	1	1	33	28	5	0.06060606060606061	0.03571428571428571	9.818181818181818	8.071428571428571
ray ai personal trainer app review	0	0	0	3	11	-8	0.0	0.0	6.333333333333333	7.909090909090909
ray app	1	0	1	30	1	29	0.03333333333333333	0.0	9.166666666666666	11.0
ray fit	0	0	0	22	9	13	0.0	0.0	9.363636363636363	13.333333333333334
ray fitness	0	0	0	61	40	21	0.0	0.0	9.344262295081966	7.275
ray fitness app	0	0	0	64	34	30	0.0	0.0	8.921875	8.117647058823529
ray fitness app reviews	0	0	0	12	13	-1	0.0	0.0	3.1666666666666665	5.153846153846154
ray tracker	0	0	0	10	0	10	0.0	0.0	8.6	
ray workout	0	0	0	14	1	13	0.0	0.0	8.357142857142858	10.0
ray workout app	0	0	0	17	1	16	0.0	0.0	9.470588235294118	10.0
recomp ai	1	2	-1	18	42	-24	0.05555555555555555	0.047619047619047616	5.055555555555555	5.0
recomp app	0	0	0	12	6	6	0.0	0.0	8.25	9.333333333333334
relationship between female body fat percentage and visible abs -filetype:txt -filetype:pdf -filetype:epub -filetype:doc -filetype:docx -filetype:xls -filetype:xlsx -filetype:ppt -filetype:csv -site:youtube.com -site:tiktok.com -site:instagram.com -site:ebay.com -site:jd.com -site:amazon.com -site:iqiyi.com -site:bilibili.com -site:t.me -site:douyin.com -site:douban.com -site:apple.com -site:reddit.com -site:researchgate.net -site:academia.edu -site:dokumen.pub -site:en.wikipedia.org -site:quora.com -site:sciencedirect.com -site:cambridge.org -site:mdpi.com -site:link.springer.com -site:zhuanlan.zhihu.com -site:journals.sagepub.com -site:imdb.com -site:tandfonline.com -site:onlinelibrary.wiley.com -site:brill.com -site:getyourguide.com -site:academic.oup.com -site:www.emerald.com -site:eresources.nlb.gov.sg -site:www.govinfo.gov	0	0	0	0	18	-18	0.0	0.0		21.77777777777778
relaxed abs	0	0	0	21	1	20	0.0	0.0	7.142857142857143	9.0
renpho body composition scale review	0	0	0	12	2	10	0.0	0.0	10.833333333333334	9.5
renpho body fat scale review	0	0	0	38	1	37	0.0	0.0	17.63157894736842	12.0
renpho measurements	0	0	0	25	5	20	0.0	0.0	25.28	16.6
renpho scale accuracy	0	0	0	23	4	19	0.0	0.0	18.869565217391305	17.25
renpho scale comparison	0	0	0	29	4	25	0.0	0.0	35.62068965517241	37.75
renpho scale review	0	0	0	52	3	49	0.0	0.0	17.403846153846153	19.0
renpho scale reviews	0	0	0	43	2	41	0.0	0.0	16.27906976744186	28.0
renpho smart body fat scale review	0	0	0	10	0	10	0.0	0.0	18.0	
replace our aging body scanner	0	0	0	12	6	6	0.0	0.0	28.416666666666668	48.666666666666664
scan your body app	1	0	1	12	11	1	0.08333333333333333	0.0	7.0	8.09090909090909
short or long torso	0	0	0	18	1	17	0.0	0.0	10.555555555555555	11.0
short vs long torso	0	0	0	10	2	8	0.0	0.0	13.5	34.0
shoulder and waist ratio	0	0	0	13	0	13	0.0	0.0	9.923076923076923	
shoulder circumference	0	0	0	174	23	151	0.0	0.0	9.586206896551724	10.391304347826088
shoulder circumference measurement	0	0	0	27	0	27	0.0	0.0	9.518518518518519	
shoulder hip ratio	0	0	0	32	0	32	0.0	0.0	9.875	
shoulder to hip ratio	0	0	0	61	0	61	0.0	0.0	10.19672131147541	
shoulder to hip ratio female	1	0	1	12	0	12	0.08333333333333333	0.0	9.0	
shoulder to hip ratio women	0	0	0	10	0	10	0.0	0.0	8.4	
shoulder to waist	0	0	0	16	0	16	0.0	0.0	8.375	
shoulder to waist measurement	0	0	0	38	1	37	0.0	0.0	11.473684210526315	18.0
shoulder to waist ratio	5	0	5	1148	0	1148	0.004355400696864111	0.0	8.648954703832754	
shoulder to waist ratio 1.6	0	0	0	15	0	15	0.0	0.0	8.0	
shoulder to waist ratio female	0	0	0	17	1	16	0.0	0.0	7.235294117647059	11.0
shoulder to waist ratio for v taper	0	0	0	19	0	19	0.0	0.0	6.526315789473684	
shoulder to waist ratio how to measure	1	0	1	15	1	14	0.06666666666666667	0.0	5.933333333333334	10.0
shoulder to waist ratio male attractiveness 1.6 study	0	0	0	10	0	10	0.0	0.0	10.1	
shoulder to waist ratio men	0	0	0	72	0	72	0.0	0.0	8.73611111111111	
shoulder waist	0	0	0	13	0	13	0.0	0.0	9.0	
shoulder waist hip ratio	0	0	0	13	0	13	0.0	0.0	9.076923076923077	
shoulder waist ratio	0	0	0	115	0	115	0.0	0.0	8.808695652173913	
shoulder waist ratio men	1	0	1	46	0	46	0.021739130434782608	0.0	7.804347826086956	
shoulder width	0	0	0	3	57	-54	0.0	0.0	34.0	11.789473684210526
shoulder width to waist ratio	0	0	0	23	0	23	0.0	0.0	8.26086956521739	
shoulder-to-waist ratio	0	0	0	40	0	40	0.0	0.0	8.425	
shoulders to waist ratio	0	0	0	45	0	45	0.0	0.0	8.844444444444445	
site:gainframe.app	0	0	0	35	0	35	0.0	0.0	27.285714285714285	
size 16 in inches waist	0	0	0	16	27	-11	0.0	0.0	20.9375	23.185185185185187
size 16 waist in inches	0	0	0	1	13	-12	0.0	0.0	88.0	34.92307692307692
skeletal muscle mass	0	0	0	30	17	13	0.0	0.0	43.53333333333333	38.05882352941177
skinny arms	0	0	0	1	21	-20	0.0	0.0	8.0	17.523809523809526
skinny fat body recomp	2	0	2	29	17	12	0.06896551724137931	0.0	8.551724137931036	11.117647058823529
skinny fat body recomposition	1	1	0	40	28	12	0.025	0.03571428571428571	8.3	10.214285714285714
skinny fat female	0	0	0	0	14	-14	0.0	0.0		7.571428571428571
skinny fat recomp	0	0	0	42	35	7	0.0	0.0	9.714285714285714	9.571428571428571
skinny fat to muscular	0	0	0	18	19	-1	0.0	0.0	7.777777777777778	10.421052631578947
skinny fat to ripped	0	0	0	10	3	7	0.0	0.0	8.6	7.666666666666667
skinny fat woman	0	0	0	2	87	-85	0.0	0.0	9.0	7.689655172413793
skinny fat women	0	0	0	1	29	-28	0.0	0.0	9.0	8.344827586206897
small frame body	0	0	0	0	45	-45	0.0	0.0		8.066666666666666
small frame bodybuilding	0	0	0	0	14	-14	0.0	0.0		23.142857142857142
spren	0	0	0	44	53	-9	0.0	0.0	9.272727272727273	8.264150943396228
spren ai	0	0	0	9	13	-4	0.0	0.0	5.222222222222222	4.615384615384615
spren app	1	1	0	65	94	-29	0.015384615384615385	0.010638297872340425	5.2615384615384615	5.787234042553192
spren body composition	0	0	0	3	11	-8	0.0	0.0	7.0	6.363636363636363
spren body fat	1	0	1	9	12	-3	0.1111111111111111	0.0	7.0	5.416666666666667
spren vs	0	0	0	0	10	-10	0.0	0.0		3.5
standard body measurements for male	0	0	0	15	2	13	0.0	0.0	8.333333333333332	9.5
study visual estimation body fat percentage from photographs accuracy	0	0	0	13	20	-7	0.0	0.0	8.384615384615385	5.5
study visual estimation body fat percentage photographs accuracy	0	0	0	15	19	-4	0.0	0.0	8.266666666666666	8.105263157894736
the body pod	0	0	0	6	14	-8	0.0	0.0	23.5	23.5
the body pod reviews	0	0	0	28	6	22	0.0	0.0	22.678571428571427	26.666666666666668
thelo app	1	0	1	143	0	143	0.006993006993006993	0.0	7.398601398601398	
thelo app cost	0	0	0	37	27	10	0.0	0.0	4.45945945945946	4.888888888888889
thelo app free	0	0	0	12	0	12	0.0	0.0	7.25	
thelo app review	0	0	0	21	8	13	0.0	0.0	4.809523809523809	4.5
thelo app reviews	1	1	0	43	47	-4	0.023255813953488372	0.02127659574468085	4.767441860465116	5.9787234042553195
thigh length	0	0	0	35	30	5	0.0	0.0	6.428571428571429	5.7
thigh measurement	0	0	0	57	14	43	0.0	0.0	12.12280701754386	9.428571428571429
thigh measurement women	0	0	0	5	15	-10	0.0	0.0	11.4	7.133333333333334
thigh size	0	0	0	38	40	-2	0.0	0.0	7.394736842105263	6.3
thigh size chart	1	0	1	31	35	-4	0.03225806451612903	0.0	7.32258064516129	7.171428571428572
thigh size chart female	0	0	0	14	9	5	0.0	0.0	7.857142857142857	11.11111111111111
thigh size for women	1	0	1	10	4	6	0.1	0.0	5.7	15.25
thigh vs calf	0	0	0	15	0	15	0.0	0.0	9.4	
thighs size chart	0	0	0	13	3	10	0.0	0.0	6.923076923076923	9.333333333333334
toned arms meaning	0	0	0	0	11	-11	0.0	0.0		8.0
torso to leg ratio	0	0	0	31	1	30	0.0	0.0	11.290322580645162	10.0
torso to leg ratio male	0	0	0	30	0	30	0.0	0.0	11.066666666666666	
trackbod	0	0	0	23	38	-15	0.0	0.0	7.6521739130434785	7.894736842105263
transformation app	0	1	-1	37	66	-29	0.0	0.015151515151515152	4.972972972972973	6.303030303030303
transformation tracker	0	0	0	10	3	7	0.0	0.0	8.5	7.0
ultimate performance body fat percentage	0	1	-1	8	13	-5	0.0	0.07692307692307693	7.125	6.538461538461538
untrained skinny body	0	0	0	10	3	7	0.0	0.0	10.0	10.0
v taper body ratio	0	0	0	18	4	14	0.0	0.0	8.166666666666668	7.75
v taper golden ratio	0	0	0	13	5	8	0.0	0.0	6.6923076923076925	8.0
v taper measurements	0	0	0	18	0	18	0.0	0.0	8.555555555555555	
v taper ratio	0	0	0	64	2	62	0.0	0.0	8.140625	10.0
v taper shoulder to waist ratio	0	0	0	11	1	10	0.0	0.0	8.545454545454547	6.0
virtual body measurement app	0	0	0	10	5	5	0.0	0.0	11.0	13.6
visceral fat analyzer	0	0	0	11	7	4	0.0	0.0	36.81818181818182	29.428571428571427
visceral fat dexa scan	0	0	0	19	7	12	0.0	0.0	86.36842105263158	70.28571428571429
visceral fat index	0	0	0	13	5	8	0.0	0.0	65.76923076923077	59.4
visceral fat level chart	0	0	0	7	10	-3	0.0	0.0	35.42857142857143	38.2
visceral fat rating	0	0	0	23	9	14	0.0	0.0	39.73913043478261	42.666666666666664
visceral fat scale	0	0	0	19	16	3	0.0	0.0	37.63157894736842	35.5625
visceral fat scan	0	0	0	24	9	15	0.0	0.0	53.833333333333336	51.77777777777778
visual body fat estimate from photo unreliable source	0	0	0	6	10	-4	0.0	0.0	11.0	10.2
visual body fat estimate from photos accuracy study	0	0	0	6	12	-6	0.0	0.0	7.166666666666667	7.083333333333333
visual body fat estimate from photos unreliable source	0	0	0	12	13	-1	0.0	0.0	10.083333333333334	8.307692307692307
visual body fat estimation from photographs accuracy study	0	0	0	2	12	-10	0.0	0.0	6.0	7.416666666666667
visual body fat percentage	0	0	0	19	7	12	0.0	0.0	33.05263157894737	27.428571428571427
visual body fat percentage male	0	0	0	11	9	2	0.0	0.0	10.363636363636363	19.444444444444443
visual estimation body fat percentage accuracy photographs study	0	0	0	30	27	3	0.0	0.0	5.366666666666666	2.851851851851852
visual estimation body fat percentage from photographs accuracy study	0	0	0	34	34	0	0.0	0.0	7.382352941176471	4.8235294117647065
visual estimation body fat percentage from photos accuracy study	0	0	0	12	0	12	0.0	0.0	8.333333333333332	
visual estimation body fat percentage photographs accuracy study	0	0	0	44	62	-18	0.0	0.0	7.954545454545454	6.661290322580645
volume of 10 lbs of fat	0	0	0	0	10	-10	0.0	0.0		4.1
waist 35 is what size women's	0	0	0	12	18	-6	0.0	0.0	3.5	4.666666666666666
waist 39 inches	0	0	0	23	7	16	0.0	0.0	9.956521739130435	9.142857142857142
waist and chest	0	0	0	12	1	11	0.0	0.0	5.833333333333333	8.0
waist and height	0	0	0	29	0	29	0.0	0.0	45.310344827586206	
waist chest	0	0	0	13	3	10	0.0	0.0	3.1538461538461537	1.0
waist chest ratio	1	0	1	28	9	19	0.03571428571428571	0.0	6.464285714285714	6.222222222222222
waist circumference women	0	0	0	17	8	9	0.0	0.0	65.0	76.5
waist height ratio	0	0	0	18	0	18	0.0	0.0	60.388888888888886	
waist man	0	0	0	10	4	6	0.0	0.0	7.6	9.25
waist measurement chart	0	0	0	10	0	10	0.0	0.0	22.4	
waist measurement men	0	0	0	15	3	12	0.0	0.0	10.6	26.333333333333332
waist measurement women	0	0	0	27	13	14	0.0	0.0	67.66666666666667	67.23076923076923
waist men	0	0	0	24	19	5	0.0	0.0	7.875	11.578947368421053
waist shoulder ratio	0	0	0	30	0	30	0.0	0.0	8.4	
waist size	0	0	0	49	12	37	0.0	0.0	53.06122448979592	54.083333333333336
waist size 16	0	0	0	13	2	11	0.0	0.0	26.0	22.5
waist size for men	0	0	0	43	43	0	0.0	0.0	9.023255813953488	12.116279069767442
waist size for women	0	0	0	16	12	4	0.0	0.0	47.75	47.333333333333336
waist size in inches	0	0	0	13	0	13	0.0	0.0	15.615384615384615	
waist size men	0	0	0	20	6	14	0.0	0.0	10.6	22.666666666666668
waist sizes for women	0	0	0	7	14	-7	0.0	0.0	27.142857142857142	24.071428571428573
waist to chest ratio	2	1	1	97	32	65	0.020618556701030927	0.03125	3.865979381443299	6.0625
waist to chest ratio male	1	0	1	66	19	47	0.015151515151515152	0.0	6.212121212121212	9.31578947368421
waist to chest ratio men	0	0	0	19	4	15	0.0	0.0	10.947368421052632	20.25
waist to height	0	0	0	21	0	21	0.0	0.0	55.95238095238095	
waist to height ratio	0	0	0	52	2	50	0.0	0.0	53.55769230769231	42.5
waist to height ratio chart	0	0	0	55	7	48	0.0	0.0	12.345454545454546	11.428571428571429
waist to shoulder	0	0	0	15	0	15	0.0	0.0	10.0	
waist to shoulder ratio	0	0	0	196	0	196	0.0	0.0	9.188775510204081	
waist to shoulder ratio men	0	0	0	42	0	42	0.0	0.0	9.714285714285714	
waist to stature ratio	0	0	0	25	0	25	0.0	0.0	38.44	
waist women	0	0	0	11	3	8	0.0	0.0	36.0	19.333333333333332
waist-to-chest ratio	0	0	0	11	1	10	0.0	0.0	7.909090909090909	3.0
waist-to-height ratio	0	0	0	22	0	22	0.0	0.0	55.77272727272727	
waist-to-height ratio chart	1	0	1	28	3	25	0.03571428571428571	0.0	14.714285714285714	14.0
weight and height visualizer	0	0	0	15	0	15	0.0	0.0	15.733333333333333	
weight loss photo app	1	0	1	14	6	8	0.07142857142857142	0.0	5.357142857142857	9.333333333333334
weight loss picture apps	0	0	0	21	25	-4	0.0	0.0	19.19047619047619	25.84
what 10 body fat looks like	0	0	0	1	11	-10	0.0	0.0	9.0	15.545454545454545
what apps are best for subtle body reshaping?,	0	0	0	21	3	18	0.0	0.0	9.142857142857142	2.0
what are the average measurements for a woman	0	0	0	12	6	6	0.0	0.0	10.5	18.333333333333332
what body fat does jawline show	0	0	0	10	0	10	0.0	0.0	2.6	
what body fat percentage to see jawline	0	0	0	12	12	0	0.0	0.0	2.666666666666667	11.666666666666666
what different body fat percentages look like	0	0	0	9	14	-5	0.0	0.0	22.0	22.142857142857142
what do different body fat percentages look like	1	0	1	6	14	-8	0.16666666666666666	0.0	21.666666666666668	22.642857142857142
what does 10 body fat look like	0	0	0	27	20	7	0.0	0.0	10.555555555555555	15.65
what does 10 percent body fat look like	0	0	0	19	13	6	0.0	0.0	11.789473684210526	14.923076923076923
what does 10 pounds of muscle look like	0	0	0	0	20	-20	0.0	0.0		9.3
what does 13 body fat look like	0	0	0	14	8	6	0.0	0.0	9.714285714285714	10.0
what does 13% body fat look like	0	0	0	10	3	7	0.0	0.0	9.1	9.0
what does 14 body fat look like on a man	0	0	0	7	14	-7	0.0	0.0	8.285714285714285	10.214285714285714
what does 15 body fat look like on a male	0	0	0	39	3	36	0.0	0.0	9.615384615384615	9.666666666666666
what does 15 percent body fat look like	0	0	0	10	1	9	0.0	0.0	13.5	17.0
what does 16 body fat look like	0	0	0	11	9	2	0.0	0.0	10.272727272727273	15.666666666666666
what does 18 body fat look like	0	0	0	58	13	45	0.0	0.0	10.551724137931034	10.23076923076923
what does 18 body fat look like men	1	0	1	17	10	7	0.058823529411764705	0.0	9.176470588235293	11.0
what does 18 body fat look like on a man	0	0	0	42	22	20	0.0	0.0	8.904761904761905	9.454545454545455
what does 18 body fat look like on a woman	0	0	0	12	4	8	0.0	0.0	10.583333333333334	14.25
what does 18 percent bf look like	1	0	1	11	1	10	0.09090909090909091	0.0	9.272727272727273	3.0
what does 18 percent body fat look like on a man	0	0	0	12	4	8	0.0	0.0	9.333333333333334	10.25
what does 18% body fat look like	0	0	0	21	7	14	0.0	0.0	8.523809523809524	9.428571428571429
what does 18% body fat look like on a man	0	1	-1	9	10	-1	0.0	0.1	8.222222222222221	10.9
what does 20 body fat look like	0	0	0	11	9	2	0.0	0.0	19.545454545454547	19.88888888888889
what does 20 body fat look like on a man	0	0	0	12	3	9	0.0	0.0	13.166666666666666	24.333333333333332
what does 20 percent body fat look like	1	0	1	12	2	10	0.08333333333333333	0.0	13.666666666666666	13.5
what does 23% body fat look like on a woman	0	1	-1	11	4	7	0.0	0.25	8.727272727272727	10.25
what does 25 body fat look like	0	0	0	11	2	9	0.0	0.0	20.09090909090909	23.5
what does 25 body fat look like on a man	0	1	-1	39	34	5	0.0	0.029411764705882353	8.58974358974359	9.676470588235293
what does 27 body fat look like on a woman	0	0	0	10	3	7	0.0	0.0	9.9	9.666666666666666
what does 28 body fat look like	0	0	0	10	3	7	0.0	0.0	20.8	20.0
what does 30 body fat look like	0	0	0	24	12	12	0.0	0.0	14.333333333333334	15.583333333333334
what does 33 body fat look like	0	0	0	14	2	12	0.0	0.0	2.0	6.0
what does 40 body fat look like	0	0	0	10	8	2	0.0	0.0	12.1	18.25
what does 40 body fat look like on a woman	0	0	0	32	1	31	0.0	0.0	7.5	26.0
what does 40 percent body fat look like	0	0	0	10	2	8	0.0	0.0	10.8	11.0
what does 40 pounds of fat look like on a woman	0	0	0	18	0	18	0.0	0.0	6.444444444444445	
what does 8 body fat look like	0	0	0	18	8	10	0.0	0.0	10.444444444444445	12.125
what does 8 body fat look like on a man	0	0	0	15	5	10	0.0	0.0	7.466666666666667	13.0
what does 8 percent body fat look like	0	0	0	16	6	10	0.0	0.0	12.6875	9.833333333333334
what does 8% body fat look like	0	0	0	13	8	5	0.0	0.0	8.692307692307693	11.0
what does a dad bod look like	0	0	0	0	22	-22	0.0	0.0		10.454545454545455
what does body fat look like	0	0	0	3	13	-10	0.0	0.0	30.666666666666668	28.46153846153846
what each body fat percentage looks like	0	0	0	16	8	8	0.0	0.0	11.1875	13.75
what features should i look for when choosing a body editor app?,	0	0	0	14	8	6	0.0	0.0	9.785714285714286	1.75
what is a good chest to waist ratio	0	0	0	17	1	16	0.0	0.0	5.764705882352941	7.0
what is a good shoulder to waist ratio	0	0	0	29	0	29	0.0	0.0	9.413793103448276	
what is an aesthetic physique	1	0	1	33	11	22	0.030303030303030304	0.0	7.787878787878788	6.090909090909091
what is average bicep size for men	0	0	0	11	0	11	0.0	0.0	10.272727272727273	
what is average hip size for a woman	0	0	0	12	12	0	0.0	0.0	9.083333333333334	4.583333333333334
what is considered broad shoulders on a woman	0	0	0	1	10	-9	0.0	0.0	3.0	9.2
what is lean mass	0	0	0	3	10	-7	0.0	0.0	81.33333333333333	61.1
what is long torso	0	0	0	15	1	14	0.0	0.0	10.6	30.0
what is shoulder to waist ratio	0	0	0	23	0	23	0.0	0.0	8.130434782608695	
what is spren	0	1	-1	18	40	-22	0.0	0.025	9.61111111111111	10.15
what is the average arm size for a man	0	0	0	14	1	13	0.0	0.0	8.071428571428571	5.0
what is the average bicep size for a 14 year old	0	0	0	14	0	14	0.0	0.0	8.928571428571429	
what is the average bicep size for a 15 year old	0	0	0	19	1	18	0.0	0.0	7.7894736842105265	11.0
what is the average bicep size for a man	1	0	1	31	1	30	0.03225806451612903	0.0	7.354838709677419	10.0
what is the average body fat percentage for males	0	0	0	0	28	-28	0.0	0.0		49.142857142857146
what is the average bodyfat percentage for females? question 87 options: 20 to 27 percent 25 to 31 percent 17 to 25 percent 14 to 19 percent	0	0	0	0	33	-33	0.0	0.0		8.454545454545453
what is the average chest size for a man	0	0	0	17	6	11	0.0	0.0	7.9411764705882355	6.5
what is the average hip size for a woman	0	0	0	41	39	2	0.0	0.0	13.0	4.794871794871795
what is the average male waist size	0	0	0	2	18	-16	0.0	0.0	8.0	11.11111111111111
what is the average shoulder to waist ratio for men	0	0	0	11	0	11	0.0	0.0	12.363636363636363	
what is the average waist size	0	0	0	13	11	2	0.0	0.0	8.923076923076923	16.545454545454547
what is the average waist size for a 15-year-old female	0	0	0	10	8	2	0.0	0.0	7.7	8.75
what is the average waist size for a 16 year old girl	0	0	0	11	0	11	0.0	0.0	10.909090909090908	
what is the average waist size for a man	1	0	1	41	75	-34	0.024390243902439025	0.0	7.926829268292683	8.506666666666668
what is the average waist size for a woman	0	0	0	24	35	-11	0.0	0.0	16.5	8.542857142857143
what is the average waist size for men	0	0	0	8	10	-2	0.0	0.0	4.75	10.8
what is the best ai personal trainer app?	0	0	0	33	15	18	0.0	0.0	7.424242424242424	9.733333333333333
what is the best ai-powered personal training app?	0	0	0	26	4	22	0.0	0.0	8.846153846153847	10.0
what is the best app for beginners to track body changes?	0	0	0	24	38	-14	0.0	0.0	6.875	6.7368421052631575
what is the best app for someone who wants to look like a fitness model?	0	0	0	13	14	-1	0.0	0.0	6.846153846153846	5.428571428571429
what is the best app for tracking body measurements alongside lifts?	0	0	0	16	17	-1	0.0	0.0	9.125	8.176470588235293
what is the best automated personal trainer app?	0	0	0	10	3	7	0.0	0.0	5.8	3.0
what is the best body editor app?	0	0	0	13	3	10	0.0	0.0	9.153846153846153	9.666666666666666
what is the best body recomposition app for men?	0	0	0	38	33	5	0.0	0.0	7.894736842105263	8.303030303030303
what is the best free app for tracking body measurements?	0	0	0	10	14	-4	0.0	0.0	8.6	9.928571428571429
what is the best hybrid personal training app (ai + human)?	0	0	0	23	5	18	0.0	0.0	5.782608695652174	9.4
what is the best shoulder to waist ratio	0	0	0	16	0	16	0.0	0.0	7.0	
what is the golden ratio of shoulder to waist	0	0	0	14	0	14	0.0	0.0	9.142857142857142	
what is the ideal shoulder to waist ratio	0	0	0	16	0	16	0.0	0.0	9.625	
what is the ideal shoulder to waist ratio for men	0	0	0	10	1	9	0.0	0.0	8.9	22.0
what is the ideal shoulder width to waist ratio	0	0	0	61	5	56	0.0	0.0	10.40983606557377	12.0
what is the ideal size for a man	0	0	0	14	0	14	0.0	0.0	7.428571428571429	
what is the ideal thigh size for a woman	0	0	0	43	18	25	0.0	0.0	10.093023255813954	13.11111111111111
what is the perfect size for a man	0	1	-1	31	6	25	0.0	0.16666666666666666	6.870967741935484	11.166666666666666
what is the perfect size of a man	0	0	0	51	11	40	0.0	0.0	7.117647058823529	9.181818181818182
what would i look like skinny	0	0	0	12	0	12	0.0	0.0	21.333333333333332	
what's the average chest size for a man	0	0	0	17	6	11	0.0	0.0	7.9411764705882355	7.666666666666667
what's the average hip size for a woman	0	0	0	34	14	20	0.0	0.0	8.441176470588236	2.857142857142857
what's the average waist size for a woman	0	0	0	10	42	-32	0.0	0.0	15.2	9.761904761904763
whats a good shoulder to waist ratio	0	0	0	15	0	15	0.0	0.0	6.6	
whats an average waist size	0	0	0	14	8	6	0.0	0.0	2.071428571428571	6.375
whats the average bicep size for a man	0	0	0	10	1	9	0.0	0.0	5.1	11.0
whats the average waist size for a woman	0	0	0	10	5	5	0.0	0.0	6.5	7.2
whats the average waist size for men	0	0	0	13	16	-3	0.0	0.0	6.538461538461538	8.75
when do newbie gains stop	0	0	0	0	16	-16	0.0	0.0		9.375
where can i measure my body fat	0	0	0	0	28	-28	0.0	0.0		29.357142857142858
which ai is best for fitness coaching	0	0	0	12	6	6	0.0	0.0	7.083333333333333	7.0
which app acts most like a real personal trainer?	0	0	0	13	3	10	0.0	0.0	6.0	9.0
which app has the best before-and-after transformations for men?	0	0	0	35	56	-21	0.0	0.0	1.8	2.196428571428571
which app has the best before-and-after transformations for women?	0	0	0	33	55	-22	0.0	0.0	2.6363636363636367	2.327272727272727
which app is best for body recomposition (lose fat, gain muscle) for women?	0	0	0	12	9	3	0.0	0.0	6.75	6.333333333333333
"which app is considered the ""gold standard"" for men's fitness?"	0	0	0	2	14	-12	0.0	0.0	1.0	7.285714285714286
which online coaching fitness platforms track body measurements using photo ai for progress reports?	0	0	0	32	38	-6	0.0	0.0	6.03125	6.421052631578948
which personal trainer app receives the best reviews?	0	0	0	21	8	13	0.0	0.0	8.619047619047619	8.125
which personal training app is best for body recomposition?	0	0	0	34	26	8	0.0	0.0	7.5588235294117645	7.576923076923077
why afe the musckes on one side of my body smaller than the other side. i only notice when i take poxtures or videos but in the mirror it looks notmal	0	0	0	12	0	12	0.0	0.0	10.0	
why am i heavier than i look	0	0	0	39	14	25	0.0	0.0	7.051282051282051	6.357142857142857
why am i so much heavier than i look	0	0	0	10	1	9	0.0	0.0	5.8	1.0
why are my arms so skinny	0	0	0	0	18	-18	0.0	0.0		7.833333333333333
why are my arms so skinny compared to the rest of my body	0	0	0	0	35	-35	0.0	0.0		5.371428571428571
why are you skinnier in the morning	0	0	0	0	11	-11	0.0	0.0		7.636363636363637
why can i only see my abs when i flex	0	0	0	10	0	10	0.0	0.0	5.8	
why do i look bigger in photos	0	0	0	12	0	12	0.0	0.0	7.166666666666667	
why do i look bigger in pictures than the mirror	0	0	0	11	9	2	0.0	0.0	3.909090909090909	7.777777777777778
why do i look bigger in the mirror than on camera	0	0	0	22	0	22	0.0	0.0	6.909090909090909	
why do i look bigger on camera than in the mirror	1	0	1	25	1	24	0.04	0.0	7.2	6.0
why do i look fat in photos	0	0	0	18	5	13	0.0	0.0	9.222222222222221	16.4
why do i look fat in photos but not mirror	0	0	0	7	11	-4	0.0	0.0	6.714285714285714	7.2727272727272725
why do i look fat in pictures	1	0	1	37	7	30	0.02702702702702703	0.0	16.64864864864865	12.285714285714286
why do i look fat in pictures but not in the mirror	3	0	3	59	10	49	0.05084745762711865	0.0	7.237288135593221	8.0
why do i look fatter in photos	0	0	0	17	0	17	0.0	0.0	8.941176470588236	
why do i look fatter in pictures	0	0	0	28	3	25	0.0	0.0	17.464285714285715	10.0
why do i look fatter in pictures than in the mirror	0	0	0	30	5	25	0.0	0.0	8.5	7.0
why do i look fatter on camera	0	0	0	16	5	11	0.0	0.0	8.8125	9.4
why do i look fatter on camera than in the mirror	1	0	1	13	8	5	0.07692307692307693	0.0	7.538461538461538	8.25
why do i look heavier than i weigh	0	0	0	11	2	9	0.0	0.0	6.181818181818182	5.0
why do i look more muscular in the mirror	0	0	0	15	1	14	0.0	0.0	9.733333333333333	8.0
why do i look more muscular in the mirror than on camera	0	0	0	12	0	12	0.0	0.0	7.333333333333333	
why do i look skinnier in mirror than camera	0	0	0	10	3	7	0.0	0.0	4.8	4.666666666666666
why do i look skinnier in the mirror	0	0	0	10	0	10	0.0	0.0	7.5	
why do i look skinnier in the mirror than on camera	0	0	0	70	25	45	0.0	0.0	7.785714285714286	7.16
why do i look skinnier in the morning	0	0	0	1	17	-16	0.0	0.0	2.0	7.294117647058823
why do i look skinnier on camera than in the mirror	1	1	0	36	40	-4	0.027777777777777776	0.025	5.611111111111111	5.725
why do i look skinny in mirror but fat on camera	0	0	0	18	3	15	0.0	0.0	8.333333333333332	7.0
why do i look skinny in the mirror but fat on camera	0	0	0	14	4	10	0.0	0.0	7.285714285714286	6.25
why do i look smaller in pictures	0	0	0	21	16	5	0.0	0.0	6.0476190476190474	8.0
why do i look smaller in the mirror	0	0	0	10	8	2	0.0	0.0	8.5	8.0
why do i look smaller on camera	0	0	0	11	6	5	0.0	0.0	6.2727272727272725	7.833333333333333
why do i look so fat in pictures	0	0	0	25	6	19	0.0	0.0	15.24	20.333333333333332
why do i look so fat in pictures but not in the mirror	0	0	0	14	5	9	0.0	0.0	8.142857142857142	7.6
why do i look so skinny on camera	0	0	0	14	1	13	0.0	0.0	5.714285714285714	5.0
why do i look thinner in the mirror than on camera	0	0	0	20	18	2	0.0	0.0	6.9	5.833333333333333
why do i only have abs when i flex	0	0	0	12	0	12	0.0	0.0	5.416666666666667	
why do i see abs only when i look in mirror	0	0	0	16	0	16	0.0	0.0	6.5	
why do i weigh more than i look	0	1	-1	127	43	84	0.0	0.023255813953488372	7.732283464566929	6.511627906976744
why do i weigh so much more than i look	0	1	-1	45	9	36	0.0	0.1111111111111111	7.044444444444444	5.888888888888889
why do i weight more than i look	0	0	0	19	4	15	0.0	0.0	7.421052631578948	1.25
why do my abs only show when i flex	0	0	0	10	3	7	0.0	0.0	4.4	4.333333333333334
why do my arms look fat on digi cam but skinny irl	0	0	0	67	3	64	0.0	0.0	8.791044776119403	10.333333333333334
why do my muscles look smaller on camera	0	0	0	23	17	6	0.0	0.0	6.260869565217392	6.117647058823529
why do some people weigh more than they look	0	0	0	13	3	10	0.0	0.0	9.153846153846153	7.666666666666667
why do things look smaller on camera	0	0	0	10	16	-6	0.0	0.0	7.4	7.1875
why does my face look fat in photos	0	0	0	15	1	14	0.0	0.0	10.8	8.0
why does my face look fat in pictures but not in the mirror	1	0	1	33	12	21	0.030303030303030304	0.0	8.363636363636363	8.166666666666668
why does my physique look worse in pictures	0	0	0	22	2	20	0.0	0.0	7.2272727272727275	4.5
why doesnt rate my face or rate my body have an app	0	0	0	10	1	9	0.0	0.0	5.5	5.0
why i weigh more than i look	0	0	0	11	1	10	0.0	0.0	8.0	10.0
why is my torso so long	0	0	0	12	0	12	0.0	0.0	5.25	
width of average man	0	0	0	31	5	26	0.0	0.0	35.96774193548387	23.2
width of man	0	0	0	30	1	29	0.0	0.0	26.2	33.0
width of woman	0	0	0	22	2	20	0.0	0.0	22.545454545454547	19.5
withings body scan	0	0	0	26	27	-1	0.0	0.0	3.923076923076923	14.481481481481481
withings body scan review	0	0	0	63	13	50	0.0	0.0	20.03174603174603	18.307692307692307
withings vs inbody	0	0	0	19	20	-1	0.0	0.0	12.421052631578947	14.1
woman body measurements	0	0	0	12	2	10	0.0	0.0	16.5	17.0
women body fat percentage	0	0	0	1	10	-9	0.0	0.0	3.0	74.2
women body fat percentage chart	0	0	0	3	17	-14	0.0	0.0	25.666666666666668	46.1764705882353
women body fat percentage images	0	1	-1	12	3	9	0.0	0.3333333333333333	10.416666666666666	19.0
women fat percentage pictures	0	0	0	13	7	6	0.0	0.0	10.692307692307692	10.714285714285714
women hip size	0	0	0	0	11	-11	0.0	0.0		9.090909090909092
women waist size chart	0	0	0	14	13	1	0.0	0.0	43.07142857142857	38.23076923076923
women's average waist size	0	0	0	10	5	5	0.0	0.0	40.6	26.0
women's waist size	0	0	0	13	9	4	0.0	0.0	27.076923076923077	28.77777777777778
women's waist size in inches	0	0	0	25	9	16	0.0	0.0	22.92	18.555555555555557
women's waist sizes in inches	0	0	0	17	4	13	0.0	0.0	24.235294117647058	22.0
yes	0	2	-2	28	33	-5	0.0	0.06060606060606061	3.0714285714285716	4.575757575757576
zero tracking photo app	0	0	0	38	45	-7	0.0	0.0	9.289473684210526	16.62222222222222
zozofit	0	2	-2	21	26	-5	0.0	0.07692307692307693	2.0476190476190474	2.0
zozofit alternative	3	2	1	12	12	0	0.25	0.16666666666666666	4.416666666666666	1.8333333333333335
zozofit reviews	1	0	1	13	11	2	0.07692307692307693	0.0	5.538461538461538	3.5454545454545454
