query	recent_clicks	prior_clicks	click_delta	recent_impressions	prior_impressions	impression_delta	recent_ctr	prior_ctr	recent_position	prior_position
"""bodytune"" reshape tool"	0	0	0	11	5	6	0.0	0.0	9.454545454545455	10.6
"""shoulder-to-waist ratio"" ""1.6"" ""archives of sexual behavior"""	0	0	0	2	14	-12	0.0	0.0	4.5	6.357142857142857
"""visual cues definition"""	0	0	0	12	9	3	0.0	0.0	21.833333333333332	16.77777777777778
(gainframe app what is it) (site:x.com or site:gainframe.app)	0	0	0	1	45	-44	0.0	0.0	1.0	1.0
(gainframe.app) (site:x.com or site:gainframe.app)	0	0	0	1	10	-9	0.0	0.0	1.0	1.0
1.3 shoulder to waist ratio	0	0	0	15	0	15	0.0	0.0	9.8	
1.4 shoulder to waist ratio	0	0	0	37	0	37	0.0	0.0	6.0	
1.4 shoulder to waist ratio male	0	0	0	24	0	24	0.0	0.0	8.166666666666668	
1.5 shoulder to waist ratio	0	0	0	48	0	48	0.0	0.0	6.291666666666667	
1.6 ratio shoulder waist	0	0	0	18	0	18	0.0	0.0	8.61111111111111	
1.6 shoulder to waist ratio	0	0	0	296	0	296	0.0	0.0	9.283783783783784	
1.6 to 1 shoulder to waist ratio	0	0	0	20	0	20	0.0	0.0	10.5	
1.6 v taper	0	0	0	12	0	12	0.0	0.0	11.0	
1.6 waist to shoulder ratio	0	0	0	22	0	22	0.0	0.0	9.090909090909092	
1.618 shoulder to waist ratio	0	0	0	22	0	22	0.0	0.0	7.181818181818182	
1.7 shoulder to waist ratio	0	0	0	48	0	48	0.0	0.0	7.916666666666667	
1.8 shoulder to waist ratio	0	0	0	35	2	33	0.0	0.0	5.571428571428571	6.5
10 body fat	0	0	0	12	0	12	0.0	0.0	33.833333333333336	
12 inch biceps	0	0	0	18	0	18	0.0	0.0	12.333333333333334	
12 inch forearms	0	0	0	16	9	7	0.0	0.0	8.25	6.555555555555555
12.5 inch biceps	0	0	0	23	0	23	0.0	0.0	9.26086956521739	
12.5 inch biceps men	0	0	0	11	0	11	0.0	0.0	9.363636363636363	
13 inch arms	0	0	0	10	0	10	0.0	0.0	15.2	
13 inch biceps	0	0	0	49	0	49	0.0	0.0	13.46938775510204	
13 inch biceps male	0	0	0	16	0	16	0.0	0.0	7.8125	
13 inch forearms	0	0	0	21	14	7	0.0	0.0	7.285714285714286	6.285714285714286
13.5 inch arms	0	0	0	12	3	9	0.0	0.0	6.416666666666667	8.666666666666668
13.5 inch biceps	0	0	0	15	2	13	0.0	0.0	11.0	3.5
14 inch arm	0	0	0	10	0	10	0.0	0.0	10.3	
14 inch arms	0	0	0	45	0	45	0.0	0.0	9.8	
14 inch arms flexed	0	0	0	14	0	14	0.0	0.0	9.428571428571429	
14 inch bicep	0	0	0	27	0	27	0.0	0.0	9.518518518518519	
14 inch biceps	0	0	0	30	0	30	0.0	0.0	11.0	
14.5 biceps size	0	0	0	10	1	9	0.0	0.0	7.8	1.0
14.5 inch arms	0	0	0	42	4	38	0.0	0.0	9.642857142857142	7.75
14.5 inch biceps	0	1	-1	35	4	31	0.0	0.25	8.228571428571428	1.0
14.5 inch biceps flexed	0	0	0	12	1	11	0.0	0.0	8.5	11.0
15 body fat	0	0	0	21	0	21	0.0	0.0	28.238095238095237	
15 body fat male	0	0	0	43	0	43	0.0	0.0	39.674418604651166	
15 body fat male look like	0	0	0	32	0	32	0.0	0.0	8.25	
15 body fat men	0	0	0	21	0	21	0.0	0.0	34.904761904761905	
15 inch bicep	0	0	0	19	0	19	0.0	0.0	10.105263157894736	
15 inch biceps	0	0	0	22	1	21	0.0	0.0	10.272727272727273	1.0
15 inch forearms	0	0	0	16	6	10	0.0	0.0	8.125	8.333333333333332
15 inch shoulders	0	0	0	0	18	-18	0.0	0.0		6.611111111111111
15-17% bf cut, bulk or recomp	0	0	0	0	40	-40	0.0	0.0		3.7
16 inch thighs	0	0	0	11	2	9	0.0	0.0	7.363636363636363	9.0
18 body fat	0	0	0	54	2	52	0.0	0.0	18.555555555555557	2.0
18 body fat female	0	0	0	10	7	3	0.0	0.0	18.4	43.714285714285715
18 body fat male	0	0	0	43	4	39	0.0	0.0	13.30232558139535	40.0
18 body fat men	0	0	0	107	0	107	0.0	0.0	6.672897196261682	
18 body fat women	0	0	0	42	9	33	0.0	0.0	15.5	41.333333333333336
18 percent body fat	0	0	0	11	1	10	0.0	0.0	18.818181818181817	2.0
18% body fat male	0	0	0	19	4	15	0.0	0.0	8.789473684210527	11.5
18% body fat man	0	0	0	16	0	16	0.0	0.0	4.5	
18% body fat men	0	0	0	15	0	15	0.0	0.0	11.066666666666666	
20 body fat	0	0	0	46	0	46	0.0	0.0	24.17391304347826	
20 body fat male	0	0	0	31	1	30	0.0	0.0	25.258064516129032	42.0
20 body fat women	0	0	0	12	5	7	0.0	0.0	54.5	45.0
20 inch thighs	0	0	0	11	3	8	0.0	0.0	8.90909090909091	3.0
20 percent body fat	0	0	0	17	0	17	0.0	0.0	43.411764705882355	
20% fat	0	0	0	21	0	21	0.0	0.0	17.761904761904763	
21 inch thighs female	0	0	0	16	4	12	0.0	0.0	6.875	1.0
22 inch thighs	0	0	0	12	3	9	0.0	0.0	8.666666666666668	11.666666666666666
23 inch thighs	0	0	0	12	7	5	0.0	0.0	7.833333333333333	11.857142857142858
23 inch thighs female	0	0	0	15	4	11	0.0	0.0	6.666666666666667	13.5
24 inch thighs female	0	0	0	11	8	3	0.0	0.0	6.636363636363637	8.0
24 inch waist	0	0	0	19	0	19	0.0	0.0	43.1578947368421	
25 % body fat	0	0	0	11	0	11	0.0	0.0	4.454545454545455	
25 bf man	0	0	0	14	0	14	0.0	0.0	2.7142857142857144	
25 body fat	0	0	0	71	2	69	0.0	0.0	18.014084507042252	2.0
25 body fat male	1	0	1	58	0	58	0.017241379310344827	0.0	4.844827586206897	
25 body fat men	0	0	0	28	5	23	0.0	0.0	11.75	10.6
25 body fat women	0	0	0	13	4	9	0.0	0.0	39.61538461538461	37.25
25 fat men	0	0	0	18	0	18	0.0	0.0	1.6111111111111112	
25 fat women	0	0	0	11	0	11	0.0	0.0	6.454545454545454	
25 inch thighs	1	0	1	13	5	8	0.07692307692307693	0.0	6.6923076923076925	8.4
25 inch thighs female	0	0	0	7	10	-3	0.0	0.0	5.714285714285714	4.6
25 inch thighs male	1	0	1	16	4	12	0.0625	0.0	7.375	4.25
25% body fat male	0	0	0	15	1	14	0.0	0.0	1.8	2.0
25% body fat men	0	0	0	11	0	11	0.0	0.0	11.181818181818182	
27 body fat woman	0	0	0	4	10	-6	0.0	0.0	22.5	24.8
30 body fat	0	0	0	53	0	53	0.0	0.0	14.39622641509434	
30 body fat female	0	0	0	15	7	8	0.0	0.0	38.266666666666666	44.42857142857143
30 body fat women	0	0	0	27	10	17	0.0	0.0	20.22222222222222	48.6
30 inch waist	0	0	0	14	2	12	0.0	0.0	27.928571428571427	29.5
30 inch waist woman	0	0	0	12	5	7	0.0	0.0	28.916666666666668	31.6
30% body fat woman	0	0	0	14	0	14	0.0	0.0	6.714285714285714	
30% fat woman	0	0	0	11	0	11	0.0	0.0	6.7272727272727275	
31 inch waist size	0	0	0	9	13	-4	0.0	0.0	22.333333333333332	24.615384615384617
33 body fat male	0	0	0	38	0	38	0.0	0.0	2.0	
33 inch waist	0	0	0	10	0	10	0.0	0.0	17.6	
33% body fat male	0	0	0	10	11	-1	0.0	0.0	1.9	1.8181818181818183
34 inch hips	0	0	0	0	18	-18	0.0	0.0		10.055555555555555
34 inch waist men	0	0	0	2	30	-28	0.0	0.0	10.5	6.666666666666667
34 inch waist size female	0	0	0	22	2	20	0.0	0.0	9.636363636363637	32.5
34 inch waist woman	0	0	0	29	3	26	0.0	0.0	13.931034482758621	25.333333333333332
35 body fat	0	0	0	12	0	12	0.0	0.0	21.166666666666668	
35 body fat female	0	0	0	10	0	10	0.0	0.0	21.7	
35 inch waist	0	0	0	19	5	14	0.0	0.0	23.210526315789473	32.2
35 inch waist female size	1	0	1	11	1	10	0.09090909090909091	0.0	10.454545454545455	10.0
35 inch waist men	0	1	-1	3	14	-11	0.0	0.07142857142857142	7.0	8.714285714285715
35 inch waist woman	0	0	0	36	3	33	0.0	0.0	12.027777777777779	33.333333333333336
37 inch waist	0	0	0	37	6	31	0.0	0.0	10.432432432432432	19.5
37 inch waist female	0	0	0	16	1	15	0.0	0.0	2.75	37.0
37 inch waist women's size	0	0	0	20	10	10	0.0	0.0	6.2	6.5
37-inch waist female	0	0	0	2	13	-11	0.0	0.0	3.0	3.6153846153846154
39 in waist woman	0	0	0	20	0	20	0.0	0.0	6.85	
39 inch hips	0	0	0	0	40	-40	0.0	0.0		10.3
39 inch waist	0	0	0	34	21	13	0.0	0.0	9.470588235294118	10.380952380952381
39 inch waist men	0	0	0	0	15	-15	0.0	0.0		7.4
39 inch waist woman	0	0	0	16	7	9	0.0	0.0	7.0	9.428571428571429
3d body measurement app	0	0	0	36	24	12	0.0	0.0	12.0	12.125
3d body measurement software	0	0	0	14	8	6	0.0	0.0	16.785714285714285	26.0
3d body scan app	2	0	2	29	9	20	0.06896551724137931	0.0	7.103448275862069	10.666666666666666
3d body scanner app	1	1	0	36	26	10	0.027777777777777776	0.038461538461538464	6.805555555555555	12.192307692307692
3d body scanning app	1	0	1	15	7	8	0.06666666666666667	0.0	10.0	8.714285714285715
3d body visualizer	0	0	0	13	0	13	0.0	0.0	57.15384615384615	
40 body fat	0	0	0	44	4	40	0.0	0.0	12.5	40.5
40 body fat female	0	0	0	50	3	47	0.0	0.0	10.28	50.0
40 body fat women	0	0	0	17	0	17	0.0	0.0	9.941176470588236	
40 hips	0	0	0	0	11	-11	0.0	0.0		10.454545454545455
40 in hips	0	0	0	0	16	-16	0.0	0.0		10.5
40 inch chest	0	0	0	31	9	22	0.0	0.0	5.290322580645161	6.777777777777778
40 inch hip	0	0	0	0	13	-13	0.0	0.0		9.692307692307692
40 inch hips	0	0	0	0	26	-26	0.0	0.0		10.23076923076923
40 inch hips woman	0	1	-1	0	16	-16	0.0	0.0625		7.4375
40 inch waist	0	0	0	61	3	58	0.0	0.0	7.655737704918033	10.333333333333334
40 inch waist men	0	0	0	6	20	-14	0.0	0.0	5.833333333333333	8.35
40 percent body fat female	0	0	0	21	0	21	0.0	0.0	9.0	
40% body fat	0	0	0	26	0	26	0.0	0.0	13.538461538461538	
40% body fat woman	0	0	0	13	0	13	0.0	0.0	11.0	
40% bodyfat	0	0	0	10	0	10	0.0	0.0	6.4	
41 inch hips	0	0	0	0	24	-24	0.0	0.0		7.041666666666667
42 inch chest	0	0	0	23	9	14	0.0	0.0	8.347826086956522	9.666666666666666
42 inch hip	0	0	0	0	10	-10	0.0	0.0		8.1
42 inch hips	0	0	0	0	37	-37	0.0	0.0		8.35135135135135
42 inch hips woman	0	0	0	0	11	-11	0.0	0.0		7.090909090909091
43 inch hips woman	0	1	-1	0	12	-12	0.0	0.08333333333333333		7.0
44 inch chest man	0	0	0	11	4	7	0.0	0.0	5.7272727272727275	6.5
45 inch chest	0	0	0	10	13	-3	0.0	0.0	7.3	6.461538461538462
45 inch chest men	0	0	0	11	0	11	0.0	0.0	6.7272727272727275	
45 inch hips	0	0	0	0	23	-23	0.0	0.0		8.652173913043478
48 inch waist woman	0	0	0	10	2	8	0.0	0.0	60.8	49.0
50 inch shoulder circumference	0	0	0	10	0	10	0.0	0.0	9.0	
50 inch waist woman	0	0	0	21	8	13	0.0	0.0	20.571428571428573	24.0
52 inch shoulder circumference	0	0	0	26	0	26	0.0	0.0	5.576923076923077	
52 inch shoulders	0	0	0	0	11	-11	0.0	0.0		10.727272727272727
6 inch biceps	0	0	0	11	1	10	0.0	0.0	11.0	11.0
60 inch waist woman	0	0	0	12	2	10	0.0	0.0	13.583333333333334	26.0
8 body fat	0	0	0	186	3	183	0.0	0.0	9.123655913978494	2.0
8 body fat male	0	0	0	105	0	105	0.0	0.0	9.17142857142857	
8 bodyfat	0	0	0	10	0	10	0.0	0.0	7.7	
8 de body fat	0	0	0	10	0	10	0.0	0.0	11.4	
8 inch biceps	0	0	0	18	0	18	0.0	0.0	9.166666666666666	
8 percent body fat	0	0	0	34	0	34	0.0	0.0	11.764705882352942	
8 percent body fat male	0	0	0	20	0	20	0.0	0.0	10.7	
8% body fat	0	0	0	131	1	130	0.0	0.0	9.366412213740459	2.0
8% body fat male	0	0	0	33	0	33	0.0	0.0	10.393939393939394	
8% body fat man	0	0	0	18	0	18	0.0	0.0	8.055555555555555	
8% body fat men	0	0	0	12	1	11	0.0	0.0	8.25	16.0
8% bodyfat	0	0	0	92	0	92	0.0	0.0	8.304347826086957	
9 inch biceps	0	0	0	11	1	10	0.0	0.0	8.0	11.0
acsm beginner resistance training 2-3 days per week 8-12 reps official	0	0	0	10	0	10	0.0	0.0	9.7	
acsm resistance training beginner 2-3 days per week 8-12 repetitions official	0	0	0	15	24	-9	0.0	0.0	9.0	6.791666666666667
acsm resistance training frequency adults official position stand	0	0	0	6	12	-6	0.0	0.0	7.666666666666667	7.583333333333333
acsm resistance training guidelines 2-3 days per week 8-12 repetitions official	0	0	0	32	14	18	0.0	0.0	8.15625	6.214285714285714
acsm resistance training guidelines adults frequency sets repetitions official	0	0	0	2	12	-10	0.0	0.0	6.5	5.416666666666667
acsm resistance training guidelines novice 2-3 days per week 8-12 repetitions official	0	0	0	10	0	10	0.0	0.0	9.7	
acsm resistance training novice 2-3 days per week 8-12 repetitions official	0	0	0	20	7	13	0.0	0.0	9.85	7.428571428571429
acsm resistance training novice 2-3 days per week 8-12 repetitions official position stand	0	0	0	13	20	-7	0.0	0.0	7.923076923076923	8.05
acsm resistance training progression hypertrophy position stand sets reps frequency official	0	0	0	8	14	-6	0.0	0.0	7.125	7.071428571428571
aesthetic body	0	0	0	13	0	13	0.0	0.0	2.0769230769230766	
aesthetic body fat percentage	0	0	0	12	13	-1	0.0	0.0	6.75	7.3076923076923075
aesthetic body meaning	0	0	0	61	92	-31	0.0	0.0	11.01639344262295	10.456521739130435
aesthetic body means	0	0	0	11	3	8	0.0	0.0	9.0	9.0
aesthetic physics body	0	0	0	25	2	23	0.0	0.0	7.8	8.0
aesthetic physique	2	0	2	77	45	32	0.025974025974025976	0.0	7.662337662337662	6.644444444444445
aesthetic physique meaning	1	0	1	56	55	1	0.017857142857142856	0.0	8.357142857142858	7.290909090909091
aesthetic shoulder to waist ratio	0	0	0	12	0	12	0.0	0.0	9.583333333333334	
affordable personal trainer alternative with ai	0	0	0	22	2	20	0.0	0.0	3.909090909090909	11.5
ai based personal trainer	0	0	0	12	4	8	0.0	0.0	8.416666666666668	12.25
ai body analysis	0	0	0	8	21	-13	0.0	0.0	17.375	21.523809523809526
ai body analysis free	0	1	-1	19	22	-3	0.0	0.045454545454545456	11.263157894736842	13.545454545454545
ai body analyzer	0	0	0	1	14	-13	0.0	0.0	5.0	30.285714285714285
ai body analyzer online free	2	0	2	12	0	12	0.16666666666666666	0.0	4.5	
ai body app	0	0	0	16	7	9	0.0	0.0	3.3125	4.142857142857142
ai body fat	13	5	8	73	72	1	0.1780821917808219	0.06944444444444445	5.219178082191781	6.805555555555555
ai body fat analyzer	5	3	2	41	39	2	0.12195121951219512	0.07692307692307693	5.2439024390243905	5.9743589743589745
ai body fat calculator	46	48	-2	451	674	-223	0.10199556541019955	0.0712166172106825	5.682926829268292	6.630563798219584
ai body fat calculator photo	8	4	4	39	32	7	0.20512820512820512	0.125	4.717948717948718	5.90625
ai body fat estimate	8	6	2	31	31	0	0.25806451612903225	0.1935483870967742	4.64516129032258	5.903225806451613
ai body fat estimator	47	37	10	340	431	-91	0.13823529411764707	0.08584686774941995	5.382352941176471	6.155452436194896
ai body fat percentage	9	6	3	64	71	-7	0.140625	0.08450704225352113	4.59375	7.647887323943662
ai body fat percentage calculator	11	1	10	34	24	10	0.3235294117647059	0.041666666666666664	5.794117647058823	6.458333333333333
ai body fat scanner	6	8	-2	70	60	10	0.08571428571428572	0.13333333333333333	4.5285714285714285	8.433333333333334
ai body fat scanner app	1	1	0	6	16	-10	0.16666666666666666	0.0625	8.0	3.4375
ai body fat scanner free	24	24	0	95	92	3	0.25263157894736843	0.2608695652173913	1.905263157894737	4.043478260869565
ai body fat visualizer	2	0	2	10	11	-1	0.2	0.0	4.0	3.5454545454545454
ai body measurement	0	0	0	17	1	16	0.0	0.0	17.529411764705884	74.0
ai body measurement app	2	1	1	23	14	9	0.08695652173913043	0.07142857142857142	5.869565217391305	6.214285714285714
ai body measurement free	1	0	1	10	6	4	0.1	0.0	5.6	10.0
ai body rate	3	0	3	10	3	7	0.3	0.0	6.7	2.666666666666667
ai body rater	20	1	19	82	8	74	0.24390243902439024	0.125	3.3658536585365852	16.375
ai body rating	4	3	1	32	24	8	0.125	0.125	5.1875	4.666666666666666
ai body scan	0	0	0	2	28	-26	0.0	0.0	42.0	7.321428571428571
ai body scanner	1	0	1	8	21	-13	0.125	0.0	27.625	7.142857142857143
ai body scanner app	12	1	11	130	17	113	0.09230769230769231	0.058823529411764705	6.392307692307693	5.235294117647059
ai body scanner free	2	3	-1	49	20	29	0.04081632653061224	0.15	7.653061224489796	3.4
ai body transformation app	1	2	-1	4	13	-9	0.25	0.15384615384615385	3.0	2.4615384615384617
ai bodyfat	9	1	8	43	22	21	0.20930232558139536	0.045454545454545456	4.674418604651162	6.318181818181818
ai bodyfat calculator	4	2	2	25	15	10	0.16	0.13333333333333333	8.2	7.2
ai bodyfat estimate	17	8	9	106	107	-1	0.16037735849056603	0.07476635514018691	5.726415094339623	6.355140186915888
ai bodyfat estimator	3	0	3	14	34	-20	0.21428571428571427	0.0	4.714285714285714	7.029411764705882
ai capable of changing body type	0	0	0	28	13	15	0.0	0.0	6.142857142857143	8.23076923076923
ai fat calculator	1	0	1	10	15	-5	0.1	0.0	6.5	7.266666666666667
ai fat percentage	0	0	0	4	10	-6	0.0	0.0	4.75	5.9
ai fat percentage calculator	4	0	4	16	21	-5	0.25	0.0	6.125	7.142857142857143
ai fitness	0	0	0	15	0	15	0.0	0.0	2.2	
ai fitness app	0	0	0	47	12	35	0.0	0.0	12.74468085106383	39.166666666666664
ai fitness apps	0	0	0	15	14	1	0.0	0.0	16.8	47.285714285714285
ai fitness coach	0	0	0	118	3	115	0.0	0.0	15.898305084745763	21.0
ai fitness coach app	0	0	0	94	51	43	0.0	0.0	9.5	11.901960784313726
ai fitness coaching app	0	0	0	18	21	-3	0.0	0.0	11.222222222222221	24.857142857142858
ai fitness coaching platform	0	0	0	26	8	18	0.0	0.0	26.53846153846154	73.125
ai fitness trainer	0	0	0	74	30	44	0.0	0.0	8.472972972972972	18.633333333333333
ai fitness training app	0	0	0	13	9	4	0.0	0.0	17.307692307692307	40.111111111111114
ai for body transformation	0	0	0	3	11	-8	0.0	0.0	7.666666666666667	5.454545454545454
ai for personal trainers	0	0	0	10	7	3	0.0	0.0	5.9	6.142857142857143
ai gym trainer	0	0	0	26	5	21	0.0	0.0	11.038461538461538	22.2
ai personal fitness coach	0	0	0	18	10	8	0.0	0.0	9.777777777777779	49.6
ai personal fitness trainer	0	0	0	11	8	3	0.0	0.0	12.909090909090908	17.125
ai personal trainer	3	3	0	938	527	411	0.0031982942430703624	0.0056925996204933585	8.360341151385928	14.165085388994308
ai personal trainer app	0	2	-2	265	282	-17	0.0	0.0070921985815602835	4.992452830188679	10.592198581560284
ai personal trainer app download	0	0	0	14	9	5	0.0	0.0	9.642857142857142	14.555555555555555
ai personal trainer apps	0	0	0	9	11	-2	0.0	0.0	3.2222222222222223	11.727272727272727
ai personal trainer online	0	0	0	11	10	1	0.0	0.0	10.818181818181818	27.6
ai personal trainer software	0	0	0	15	21	-6	0.0	0.0	7.0	17.047619047619047
ai personal training app	1	0	1	13	8	5	0.07692307692307693	0.0	5.076923076923077	7.25
ai personal training software	0	0	0	11	7	4	0.0	0.0	7.636363636363637	10.0
ai personalized fitness app for athletes	0	0	0	93	49	44	0.0	0.0	9.13978494623656	8.46938775510204
ai physique	0	0	0	16	2	14	0.0	0.0	5.3125	7.0
ai physique analyzer	2	0	2	17	0	17	0.11764705882352941	0.0	10.823529411764707	
ai physique rater	44	3	41	242	74	168	0.18181818181818182	0.04054054054054054	4.520661157024794	9.527027027027026
ai physique rater online free	0	0	0	10	0	10	0.0	0.0	19.8	
ai physique rating	12	1	11	61	13	48	0.19672131147540983	0.07692307692307693	4.081967213114754	6.153846153846154
ai powered personal trainer	0	0	0	10	5	5	0.0	0.0	10.4	24.8
ai rate my body	6	0	6	48	10	38	0.125	0.0	6.458333333333333	16.8
ai rate my physique	5	0	5	14	9	5	0.35714285714285715	0.0	4.214285714285714	6.333333333333333
ai rate physique	1	0	1	13	1	12	0.07692307692307693	0.0	3.923076923076923	10.0
ai trainer app	0	1	-1	38	24	14	0.0	0.041666666666666664	5.315789473684211	8.041666666666668
ai trainer apps	0	0	0	11	7	4	0.0	0.0	6.0	6.0
ai transformation app	0	0	0	20	11	9	0.0	0.0	10.0	7.181818181818182
ai workout analysis app	0	0	0	10	4	6	0.0	0.0	12.4	14.0
ai workout coach	0	0	0	63	0	63	0.0	0.0	11.301587301587302	
ai workout coach app	0	0	0	12	16	-4	0.0	0.0	8.583333333333332	16.1875
ai workout trainer	0	0	0	11	0	11	0.0	0.0	9.090909090909092	
ai-powered fitness trainers	0	0	0	12	6	6	0.0	0.0	14.0	20.666666666666668
ai-powered personal trainer	0	0	0	29	17	12	0.0	0.0	10.448275862068966	20.11764705882353
alternative optifo	0	0	0	13	21	-8	0.0	0.0	34.69230769230769	23.904761904761905
alternatives to dexa scan	0	0	0	18	5	13	0.0	0.0	10.944444444444445	11.4
am i fat ai	1	3	-2	62	44	18	0.016129032258064516	0.06818181818181818	7.145161290322581	8.34090909090909
am i fat ai photo	3	1	2	49	17	32	0.061224489795918366	0.058823529411764705	7.428571428571429	7.588235294117647
am i fat photo test	0	1	-1	12	4	8	0.0	0.25	22.333333333333332	9.25
am i fat photo test online	2	0	2	14	8	6	0.14285714285714285	0.0	7.928571428571429	9.625
am i fat picture test	1	0	1	16	6	10	0.0625	0.0	9.6875	10.5
am i really as fat as i look in pictures	0	0	0	16	0	16	0.0	0.0	12.5625	
am i skinny fat	0	0	0	1	15	-14	0.0	0.0	9.0	24.533333333333335
android	2	1	1	19	11	8	0.10526315789473684	0.09090909090909091	2.8421052631578947	2.090909090909091
app	2	2	0	23	13	10	0.08695652173913043	0.15384615384615385	3.5652173913043477	2.230769230769231
app for body fat percentage	3	3	0	14	12	2	0.21428571428571427	0.25	6.071428571428571	2.5
app for body measurements	0	0	0	23	30	-7	0.0	0.0	9.956521739130435	10.5
app for progress photos	2	0	2	16	7	9	0.125	0.0	4.25	4.0
app for taking progress photos on site?	0	0	0	9	24	-15	0.0	0.0	7.888888888888889	8.708333333333332
app to measure body fat	0	1	-1	5	15	-10	0.0	0.06666666666666667	3.0	3.4
app to measure body measurements	0	0	0	11	3	8	0.0	0.0	6.2727272727272725	5.0
app to take body measurements	0	0	0	13	7	6	0.0	0.0	14.538461538461538	15.571428571428571
app to track body measurements	0	0	0	10	13	-3	0.0	0.0	8.9	11.23076923076923
app to track weight loss pictures	0	0	0	23	23	0	0.0	0.0	10.652173913043478	13.217391304347826
app transformation	0	0	0	13	8	5	0.0	0.0	8.23076923076923	9.625
are 13 inch forearms big	0	0	0	13	5	8	0.0	0.0	8.0	7.0
are 14 inch arms big	0	0	0	23	2	21	0.0	0.0	8.26086956521739	7.5
are 14 inch biceps big	0	0	0	22	0	22	0.0	0.0	9.0	
are 14.5 inch arms big	0	0	0	19	1	18	0.0	0.0	7.7368421052631575	8.0
are 15 inch arms big	0	0	0	65	1	64	0.0	0.0	10.4	21.0
are 15 inch biceps big	0	0	0	33	4	29	0.0	0.0	10.242424242424242	12.25
are 15 inch forearms big	0	0	0	10	1	9	0.0	0.0	6.8	7.0
are 15.5 inch arms big	0	0	0	12	1	11	0.0	0.0	9.083333333333334	11.0
are 15.5 inch biceps big	0	0	0	11	0	11	0.0	0.0	10.0	
are 23 inch thighs big	0	0	0	12	7	5	0.0	0.0	6.083333333333333	6.142857142857143
are bcaas a scam	0	0	0	13	0	13	0.0	0.0	2.5384615384615383	
are body fat calculators accurate	0	0	0	16	3	13	0.0	0.0	9.4375	19.333333333333332
are smart scales worth it	0	0	0	10	0	10	0.0	0.0	11.6	
arm size	0	0	0	17	1	16	0.0	0.0	8.823529411764707	34.0
arm size chart	1	0	1	50	9	41	0.02	0.0	8.84	12.88888888888889
arm size chart male	0	0	0	10	2	8	0.0	0.0	8.4	10.5
arm to waist ratio	1	0	1	18	3	15	0.05555555555555555	0.0	10.166666666666666	10.333333333333334
artificial intelligence fitness trainer	0	0	0	15	0	15	0.0	0.0	14.333333333333334	
artificial intelligence personal trainer	0	0	0	19	2	17	0.0	0.0	2.473684210526316	23.5
at what body fat % can i look down without having a double chin	0	0	0	33	0	33	0.0	0.0	4.0	
at what body fat does face look best	0	0	0	13	0	13	0.0	0.0	7.846153846153846	
at what body fat does jawline show	0	0	0	15	13	2	0.0	0.0	3.8666666666666667	7.0
at what body fat does your face look best	0	0	0	14	3	11	0.0	0.0	8.928571428571429	21.0
at what body fat does your jawline show	0	0	0	19	3	16	0.0	0.0	3.8947368421052633	8.666666666666668
at what body fat percentage do hollow cheeks show	0	0	0	10	3	7	0.0	0.0	5.8	6.333333333333333
at what body fat percentage does face fat go away	0	0	0	15	5	10	0.0	0.0	8.533333333333333	7.2
at what body fat percentage does face look best	0	0	0	16	0	16	0.0	0.0	9.5625	
at what body fat percentage does jawline show	0	0	0	24	13	11	0.0	0.0	5.041666666666667	4.846153846153847
at what body fat percentage does your face look best	0	0	0	11	1	10	0.0	0.0	8.636363636363637	10.0
average 14 year old bicep size	0	0	0	16	1	15	0.0	0.0	7.9375	8.0
average 15 year old bicep size	0	0	0	15	0	15	0.0	0.0	7.6	
average 16 year old bicep size	0	0	0	16	0	16	0.0	0.0	8.3125	
average 17 year old bicep size	0	0	0	12	0	12	0.0	0.0	8.416666666666668	
average adult bicep size	0	0	0	10	2	8	0.0	0.0	7.9	8.5
average adult male chest size	0	0	0	12	0	12	0.0	0.0	9.75	
average american male waist size	0	0	0	3	11	-8	0.0	0.0	4.0	12.0
average american woman waist size	0	0	0	16	11	5	0.0	0.0	10.625	15.727272727272727
average american women body fat percentage	0	0	0	0	10	-10	0.0	0.0		10.3
average arm circumference	0	0	0	13	0	13	0.0	0.0	8.0	
average arm size	0	0	0	44	1	43	0.0	0.0	10.136363636363637	10.0
average arm size male	0	0	0	78	0	78	0.0	0.0	6.641025641025641	
average bicep	0	0	0	11	2	9	0.0	0.0	10.909090909090908	10.5
average bicep circumference	0	0	0	25	2	23	0.0	0.0	5.6	10.5
average bicep size	0	0	0	279	35	244	0.0	0.0	7.516129032258065	10.285714285714286
average bicep size 14 year old	0	0	0	14	0	14	0.0	0.0	7.214285714285714	
average bicep size by height	1	1	0	23	2	21	0.043478260869565216	0.5	6.304347826086956	6.0
average bicep size for 13 year old	0	0	0	17	0	17	0.0	0.0	7.176470588235294	
average bicep size for 14 year old	0	0	0	23	1	22	0.0	0.0	7.913043478260869	6.0
average bicep size for 15 year old	0	0	0	57	7	50	0.0	0.0	8.508771929824562	7.142857142857143
average bicep size for 16 year old	0	0	0	79	12	67	0.0	0.0	8.822784810126581	7.583333333333333
average bicep size for 17 year old	0	0	0	15	2	13	0.0	0.0	8.066666666666666	7.5
average bicep size for 17 year old male	0	0	0	10	0	10	0.0	0.0	6.2	
average bicep size for 18 year old	1	0	1	30	3	27	0.03333333333333333	0.0	8.2	9.0
average bicep size for 6 feet tall guy	1	0	1	117	7	110	0.008547008547008548	0.0	8.324786324786324	5.857142857142857
average bicep size for men	2	0	2	85	5	80	0.023529411764705882	0.0	5.929411764705883	5.2
average bicep size in cm	0	0	0	20	2	18	0.0	0.0	10.2	21.5
average bicep size male	0	0	0	15	0	15	0.0	0.0	6.666666666666667	
average bicep size male in india	0	0	0	12	0	12	0.0	0.0	8.0	
average bicep size men	0	0	0	24	3	21	0.0	0.0	7.958333333333333	18.666666666666668
average bicep size of men	0	0	0	10	4	6	0.0	0.0	9.7	7.75
average biceps	0	0	0	10	0	10	0.0	0.0	10.6	
average biceps size	0	0	0	40	7	33	0.0	0.0	6.8	25.142857142857142
average biceps size cm	0	0	0	22	0	22	0.0	0.0	10.318181818181818	
average biceps size cm 16 year old	0	0	0	20	2	18	0.0	0.0	7.5	4.0
average biceps size cm 17 year old	0	0	0	236	25	211	0.0	0.0	7.3559322033898304	6.92
average biceps size for men	0	0	0	14	0	14	0.0	0.0	6.142857142857143	
average biceps size male	0	0	0	11	0	11	0.0	0.0	9.272727272727273	
average biceps size men	0	0	0	10	0	10	0.0	0.0	8.5	
average body fat percentage	0	0	0	1	12	-11	0.0	0.0	12.0	54.666666666666664
average body fat percentage by age	0	0	0	0	18	-18	0.0	0.0		21.27777777777778
average body fat percentage for mothers in 30's	0	0	0	0	118	-118	0.0	0.0		7.508474576271187
average body fat percentage for women	0	0	0	1	16	-15	0.0	0.0	8.0	27.375
average body fat percentage for women in america	0	0	0	0	18	-18	0.0	0.0		12.5
average body measurements female	0	0	0	13	2	11	0.0	0.0	9.0	29.0
average body measurements male	0	0	0	25	15	10	0.0	0.0	9.52	10.733333333333333
average body proportions male	0	0	0	17	6	11	0.0	0.0	7.470588235294118	9.5
average body width	0	0	0	37	22	15	0.0	0.0	35.4054054054054	23.181818181818183
average chest circumference	0	0	0	12	7	5	0.0	0.0	7.25	8.428571428571429
average chest circumference male	0	0	0	19	5	14	0.0	0.0	7.368421052631579	7.8
average chest size	1	0	1	19	14	5	0.05263157894736842	0.0	8.052631578947368	7.5
average chest size 25 year old male	0	0	0	12	4	8	0.0	0.0	7.166666666666667	5.5
average chest size male	0	0	0	17	4	13	0.0	0.0	9.176470588235293	7.25
average chest size men	0	1	-1	120	82	38	0.0	0.012195121951219513	6.808333333333334	5.890243902439025
average female dimensions	0	0	0	22	0	22	0.0	0.0	27.59090909090909	
average female hip circumference	0	0	0	0	23	-23	0.0	0.0		6.913043478260869
average female hip size	0	1	-1	11	22	-11	0.0	0.045454545454545456	9.363636363636363	5.2727272727272725
average female hip width	0	0	0	7	17	-10	0.0	0.0	10.0	5.117647058823529
average female shoulder width	0	0	0	2	56	-54	0.0	0.0	4.5	6.607142857142857
average female waist	0	0	0	15	4	11	0.0	0.0	8.266666666666666	1.25
average female waist size	0	0	0	54	16	38	0.0	0.0	22.037037037037038	20.6875
average female waist size in inches	0	0	0	10	1	9	0.0	0.0	10.1	11.0
average female wrist size	0	0	0	0	18	-18	0.0	0.0		10.11111111111111
average flexed bicep size	1	0	1	22	0	22	0.045454545454545456	0.0	6.590909090909091	
average flexed bicep size for men	0	0	0	11	1	10	0.0	0.0	5.7272727272727275	2.0
average forearm length	0	0	0	40	22	18	0.0	0.0	6.55	9.5
average forearm length by height	1	0	1	18	12	6	0.05555555555555555	0.0	4.5	4.583333333333334
average forearm size	0	1	-1	74	33	41	0.0	0.030303030303030304	7.081081081081081	5.878787878787879
average forearm size for 15 year old	0	0	0	11	8	3	0.0	0.0	8.727272727272727	8.625
average forearm size for men	0	0	0	15	10	5	0.0	0.0	7.933333333333334	6.9
average forearm size male	0	0	0	16	12	4	0.0	0.0	6.1875	6.0
average hand length	0	0	0	9	15	-6	0.0	0.0	1.2222222222222223	8.8
average hand size	0	0	0	0	63	-63	0.0	0.0		6.666666666666667
average hand span	0	0	0	1	23	-22	0.0	0.0	9.0	10.130434782608695
average hand span for a man	0	1	-1	0	10	-10	0.0	0.1		9.8
average hand width	0	0	0	0	15	-15	0.0	0.0		8.333333333333332
average hip circumference	0	0	0	1	12	-11	0.0	0.0	8.0	8.333333333333332
average hip circumference female	0	1	-1	6	28	-22	0.0	0.03571428571428571	14.5	4.857142857142858
average hip measurement female	0	0	0	13	35	-22	0.0	0.0	8.923076923076923	4.285714285714286
average hip size	0	0	0	6	60	-54	0.0	0.0	9.0	4.5
average hip size for 5 2 woman	0	0	0	17	4	13	0.0	0.0	7.823529411764706	6.5
average hip size for women	0	3	-3	107	235	-128	0.0	0.01276595744680851	8.635514018691588	3.9446808510638296
average hip size women	0	0	0	14	9	5	0.0	0.0	10.428571428571429	3.4444444444444446
average hip width	0	0	0	0	21	-21	0.0	0.0		4.571428571428571
average hip width women	0	1	-1	7	24	-17	0.0	0.041666666666666664	6.571428571428571	6.166666666666667
average hips size for women	0	0	0	10	17	-7	0.0	0.0	12.6	4.294117647058823
average male arm size	0	0	0	35	4	31	0.0	0.0	8.8	8.75
average male back	0	0	0	39	12	27	0.0	0.0	8.538461538461538	9.333333333333334
average male bicep circumference	1	0	1	11	0	11	0.09090909090909091	0.0	8.181818181818182	
average male bicep size	0	0	0	73	2	71	0.0	0.0	9.547945205479452	10.5
average male body measurements	0	0	0	48	42	6	0.0	0.0	11.6875	12.333333333333334
average male body proportions	0	0	0	14	12	2	0.0	0.0	7.142857142857143	10.083333333333334
average male chest	0	0	0	32	6	26	0.0	0.0	8.28125	5.333333333333333
average male chest circumference	0	0	0	23	7	16	0.0	0.0	11.043478260869565	7.857142857142857
average male chest measurement	0	0	0	12	0	12	0.0	0.0	19.583333333333332	
average male chest size	0	0	0	47	22	25	0.0	0.0	6.723404255319149	5.954545454545454
average male forearm size	0	0	0	33	9	24	0.0	0.0	5.9393939393939394	8.222222222222221
average male hand size	0	0	0	0	25	-25	0.0	0.0		8.879999999999999
average male measurements	1	0	1	36	3	33	0.027777777777777776	0.0	10.694444444444445	9.666666666666666
average male proportions	0	0	0	28	11	17	0.0	0.0	8.107142857142858	9.727272727272727
average male shoulder circumference	0	0	0	18	1	17	0.0	0.0	11.11111111111111	25.0
average male shoulder to waist ratio	0	0	0	24	0	24	0.0	0.0	7.208333333333333	
average male shoulder width	0	0	0	0	17	-17	0.0	0.0		11.470588235294118
average male thigh circumference	0	0	0	15	7	8	0.0	0.0	6.133333333333334	2.428571428571429
average male thigh size	0	0	0	15	16	-1	0.0	0.0	6.266666666666667	3.5625
average male waist	0	0	0	12	20	-8	0.0	0.0	6.75	8.25
average male waist size	2	1	1	80	175	-95	0.025	0.005714285714285714	6.1875	7.348571428571429
average male waist size by height	0	0	0	8	10	-2	0.0	0.0	9.625	6.7
average male waist size in america	0	0	0	4	16	-12	0.0	0.0	2.75	9.5625
average man chest size	0	0	0	13	5	8	0.0	0.0	6.846153846153846	4.8
average mans back	0	0	0	10	5	5	0.0	0.0	8.9	9.8
average measurements for women	0	0	0	18	11	7	0.0	0.0	10.777777777777779	19.727272727272727
average measurements of a man	0	0	0	20	3	17	0.0	0.0	10.0	13.333333333333334
average men bicep size	0	0	0	16	0	16	0.0	0.0	6.8125	
average men chest	0	0	0	10	1	9	0.0	0.0	10.8	6.0
average men chest size	0	0	0	19	10	9	0.0	0.0	8.894736842105264	5.7
average men waist size	0	0	0	15	41	-26	0.0	0.0	6.866666666666666	9.097560975609756
average men's waist size	0	0	0	8	17	-9	0.0	0.0	5.75	7.352941176470588
average mens waist size	0	0	0	16	47	-31	0.0	0.0	6.375	9.319148936170214
average neck size	0	0	0	0	25	-25	0.0	0.0		9.88
average neck size men	0	0	0	0	17	-17	0.0	0.0		7.882352941176471
average pant size for women by age	0	0	0	52	13	39	0.0	0.0	6.384615384615385	6.3076923076923075
average shoulder to waist ratio	0	0	0	51	0	51	0.0	0.0	6.2745098039215685	
average shoulder to waist ratio men	1	0	1	43	1	42	0.023255813953488372	0.0	7.511627906976744	10.0
average shoulder width	0	0	0	7	85	-78	0.0	0.0	6.285714285714286	7.8352941176470585
average shoulder width female	0	0	0	0	34	-34	0.0	0.0		3.5294117647058822
average shoulder width for men	0	0	0	3	15	-12	0.0	0.0	7.333333333333333	6.733333333333333
average shoulder width for women	0	0	0	7	53	-46	0.0	0.0	3.5714285714285716	5.60377358490566
average shoulder width male	0	0	0	1	35	-34	0.0	0.0	2.0	12.542857142857143
average shoulder width women	0	0	0	0	19	-19	0.0	0.0		3.8421052631578947
average thigh circumference	0	0	0	17	7	10	0.0	0.0	4.882352941176471	8.142857142857142
average thigh circumference female	0	0	0	16	5	11	0.0	0.0	9.1875	13.0
average thigh length	0	0	0	13	0	13	0.0	0.0	7.153846153846154	
average thigh size	0	1	-1	14	12	2	0.0	0.08333333333333333	8.285714285714285	7.583333333333333
average thigh size female	0	0	0	29	16	13	0.0	0.0	7.689655172413793	8.8125
average thigh size male	1	0	1	43	38	5	0.023255813953488372	0.0	7.4186046511627906	3.5
average torso length	0	0	0	15	1	14	0.0	0.0	11.866666666666667	39.0
average torso to leg ratio	0	0	0	14	3	11	0.0	0.0	8.571428571428571	15.0
average upper arm circumference	0	0	0	11	0	11	0.0	0.0	8.0	
average waist	0	0	0	8	10	-2	0.0	0.0	15.875	28.3
average waist for women	0	0	0	11	3	8	0.0	0.0	6.0	18.0
average waist inches for women	0	0	0	14	10	4	0.0	0.0	2.7142857142857144	2.2
average waist size	0	1	-1	78	48	30	0.0	0.020833333333333332	12.102564102564102	13.645833333333334
average waist size female	0	0	0	18	11	7	0.0	0.0	17.88888888888889	29.727272727272727
average waist size for 14 year old female	0	0	0	19	1	18	0.0	0.0	10.210526315789474	32.0
average waist size for 15 year old female	0	0	0	30	3	27	0.0	0.0	8.6	22.333333333333332
average waist size for 16 year old female	0	0	0	22	6	16	0.0	0.0	10.0	16.0
average waist size for 18 year old female	0	0	0	20	5	15	0.0	0.0	9.05	8.0
average waist size for 18 year-old male	0	0	0	0	17	-17	0.0	0.0		4.705882352941177
average waist size for 20 year old female	0	0	0	19	12	7	0.0	0.0	8.31578947368421	7.333333333333333
average waist size for 5'4 woman	0	0	0	13	8	5	0.0	0.0	8.615384615384615	6.0
average waist size for men	1	0	1	128	409	-281	0.0078125	0.0	6.8046875	7.481662591687042
average waist size for men in america	0	0	0	3	11	-8	0.0	0.0	8.0	8.0
average waist size for women	0	1	-1	686	128	558	0.0	0.0078125	11.638483965014577	8.9453125
average waist size for women in america	1	0	1	48	10	38	0.020833333333333332	0.0	10.729166666666666	9.4
average waist size for women in us	0	0	0	11	41	-30	0.0	0.0	9.545454545454545	11.439024390243903
average waist size male	0	0	0	2	16	-14	0.0	0.0	8.5	10.625
average waist size men	0	0	0	21	65	-44	0.0	0.0	3.1904761904761907	8.0
average waist size of a man	0	0	0	3	10	-7	0.0	0.0	20.666666666666668	8.2
average waist size of american woman	0	0	0	10	4	6	0.0	0.0	9.9	7.75
average waist size women	0	0	0	26	16	10	0.0	0.0	13.0	16.0
average waist to shoulder ratio men	0	0	0	12	5	7	0.0	0.0	5.916666666666667	9.8
average woman hip size	0	0	0	16	20	-4	0.0	0.0	15.625	4.1
average woman hip width	0	0	0	3	11	-8	0.0	0.0	8.666666666666668	4.363636363636363
average woman shoulder width	0	0	0	0	16	-16	0.0	0.0		7.75
average woman waist size	0	0	0	10	14	-4	0.0	0.0	32.9	16.142857142857142
average womans waist	0	0	0	15	7	8	0.0	0.0	2.7333333333333334	4.142857142857142
average women hip size	0	0	0	10	20	-10	0.0	0.0	23.0	3.8
average women shoulder width	0	0	0	1	17	-16	0.0	0.0	2.0	4.294117647058823
average wrist size female	0	0	0	0	16	-16	0.0	0.0		13.4375
average wrist size women	0	0	0	0	14	-14	0.0	0.0		13.0
avg waist width women	0	0	0	20	0	20	0.0	0.0	8.35	
bad shoulder to waist ratio	0	0	0	10	0	10	0.0	0.0	7.5	
best 3d body composition software for gyms	0	0	0	8	51	-43	0.0	0.0	4.25	4.509803921568627
best 3d body scanner app	1	1	0	4	11	-7	0.25	0.09090909090909091	2.75	4.818181818181818
best ai body editor	7	3	4	44	30	14	0.1590909090909091	0.1	2.2272727272727275	3.8333333333333335
best ai body fat estimator	9	11	-2	32	62	-30	0.28125	0.1774193548387097	1.9375	2.209677419354839
best ai body scanner app	2	3	-1	12	28	-16	0.16666666666666666	0.10714285714285714	2.166666666666667	3.3214285714285716
best ai editing app for extreme body modifications	0	0	0	8	47	-39	0.0	0.0	4.0	3.4468085106382977
best ai fitness app	1	0	1	24	7	17	0.041666666666666664	0.0	10.041666666666666	46.142857142857146
best ai fitness app without wearables	0	0	0	3	14	-11	0.0	0.0	5.0	7.857142857142857
best ai fitness apps 2026	0	0	0	2	11	-9	0.0	0.0	9.0	8.0
best ai fitness coach	0	0	0	39	29	10	0.0	0.0	6.051282051282051	11.448275862068966
best ai fitness coach apps 2026	0	0	0	3	11	-8	0.0	0.0	6.333333333333333	8.454545454545453
best ai fitness trainer	0	1	-1	10	17	-7	0.0	0.058823529411764705	5.4	8.705882352941178
best ai for body editing	1	1	0	26	19	7	0.038461538461538464	0.05263157894736842	2.4230769230769234	2.3684210526315788
best ai for body transformation	0	3	-3	17	14	3	0.0	0.21428571428571427	2.0588235294117645	1.6428571428571428
best ai for fitness coaching	0	0	0	11	4	7	0.0	0.0	6.0	7.5
best ai for personal training	0	2	-2	29	31	-2	0.0	0.06451612903225806	5.448275862068965	6.580645161290323
best ai gym coach	0	0	0	10	0	10	0.0	0.0	4.8	
best ai gym trainer	0	0	0	11	19	-8	0.0	0.0	5.0	8.210526315789473
best ai personal coach app	0	0	0	35	10	25	0.0	0.0	8.457142857142857	9.9
best ai personal trainer	0	0	0	91	87	4	0.0	0.0	6.582417582417582	8.367816091954023
best ai personal trainer app	1	2	-1	70	79	-9	0.014285714285714285	0.02531645569620253	7.085714285714285	7.113924050632911
best ai personal trainer apps 2026	0	0	0	2	26	-24	0.0	0.0	6.0	7.038461538461538
best ai trainer	0	0	0	11	7	4	0.0	0.0	9.909090909090908	8.571428571428571
best ai trainer app	0	0	0	11	5	6	0.0	0.0	6.636363636363637	5.6
best app for body editing	0	0	0	13	4	9	0.0	0.0	11.846153846153847	11.5
best app for body measurements	0	0	0	33	32	1	0.0	0.0	8.09090909090909	9.40625
best app for body recomposition	1	0	1	25	44	-19	0.04	0.0	4.12	4.613636363636363
best app for body transformation	0	3	-3	8	18	-10	0.0	0.16666666666666666	5.5	1.6666666666666665
best app for editing body	0	0	0	15	2	13	0.0	0.0	7.8	6.5
best app for tracking body measurements	0	0	0	22	16	6	0.0	0.0	7.2272727272727275	7.0625
best app to track body measurements	0	1	-1	23	26	-3	0.0	0.038461538461538464	8.217391304347826	7.153846153846154
best apps for body recomposition	1	3	-2	16	28	-12	0.0625	0.10714285714285714	3.3125	4.464285714285714
best biceps size for men	0	0	0	10	1	9	0.0	0.0	10.9	12.0
best body ai	7	3	4	199	83	116	0.035175879396984924	0.03614457831325301	4.306532663316583	5.204819277108434
best body ai app	3	3	0	14	36	-22	0.21428571428571427	0.08333333333333333	2.357142857142857	2.416666666666667
best body composition app	1	1	0	10	4	6	0.1	0.25	2.3	1.25
best body composition scale	3	0	3	13	1	12	0.23076923076923078	0.0	14.538461538461538	8.0
best body composition tracking software smartphone scans	0	0	0	9	50	-41	0.0	0.0	2.0	5.52
best body editing apps	0	0	0	2	16	-14	0.0	0.0	6.0	9.5625
best body editor	1	0	1	13	6	7	0.07692307692307693	0.0	2.4615384615384617	7.833333333333333
best body editor app	4	3	1	94	86	8	0.0425531914893617	0.03488372093023256	5.180851063829787	6.127906976744186
best body measurement app	3	1	2	40	48	-8	0.075	0.020833333333333332	5.575	6.791666666666667
best body measurement apps	0	0	0	9	23	-14	0.0	0.0	9.88888888888889	14.26086956521739
best body measurement tracker app	0	0	0	13	10	3	0.0	0.0	5.769230769230769	5.1
best body measurements for women	1	0	1	37	3	34	0.02702702702702703	0.0	9.135135135135135	10.333333333333334
best body proportions male	1	0	1	16	1	15	0.0625	0.0	6.875	8.0
best body scan app	3	3	0	27	44	-17	0.1111111111111111	0.06818181818181818	3.3333333333333335	4.431818181818182
best body scan app free	0	0	0	18	13	5	0.0	0.0	3.3333333333333335	5.769230769230769
best body scanner	1	1	0	14	21	-7	0.07142857142857142	0.047619047619047616	4.5	6.571428571428571
best body scanner app	3	1	2	37	39	-2	0.08108108108108109	0.02564102564102564	3.3783783783783785	4.897435897435898
best body scanning app	1	2	-1	11	15	-4	0.09090909090909091	0.13333333333333333	3.5454545454545454	4.066666666666666
best body shaper app	0	0	0	11	11	0	0.0	0.0	16.272727272727273	19.545454545454547
best body size for men	0	0	0	10	1	9	0.0	0.0	13.4	7.0
best body tracking app	0	2	-2	10	15	-5	0.0	0.13333333333333333	4.0	3.4
best body transformation app	0	1	-1	7	16	-9	0.0	0.0625	3.2857142857142856	3.8125
best chest size for male	0	0	0	19	0	19	0.0	0.0	7.368421052631579	
best chest size for men	0	0	0	16	3	13	0.0	0.0	5.9375	9.666666666666666
best free ai body editor	1	0	1	54	45	9	0.018518518518518517	0.0	7.851851851851852	7.911111111111111
best free ai personal trainer	0	1	-1	42	53	-11	0.0	0.018867924528301886	3.880952380952381	6.962264150943396
best free analysis in progress options	0	0	0	0	16	-16	0.0	0.0		1.25
best free body scan app	0	0	0	13	4	9	0.0	0.0	3.6153846153846154	3.25
best llm for fitness advice	0	0	0	9	12	-3	0.0	0.0	5.111111111111111	5.916666666666667
best llm for health and fitness	0	0	0	4	10	-6	0.0	0.0	7.0	6.4
best llm for workout plans	1	0	1	11	17	-6	0.09090909090909091	0.0	6.7272727272727275	5.882352941176471
"best personal training app for ""skinny fat"" body transformation?"	0	0	0	10	7	3	0.0	0.0	4.7	2.2857142857142856
best shoulder to waist ratio	0	0	0	30	0	30	0.0	0.0	8.933333333333334	
best shoulder to waist ratio for men	0	0	0	14	0	14	0.0	0.0	7.785714285714286	
best waist to shoulder ratio	0	0	0	16	0	16	0.0	0.0	9.1875	
bf estimate ai	2	0	2	22	23	-1	0.09090909090909091	0.0	4.909090909090909	7.782608695652174
bf percentage chart	0	0	0	1	14	-13	0.0	0.0	16.0	23.0
biacromial width	0	0	0	2	101	-99	0.0	0.0	8.0	9.554455445544555
bicep circumference	0	0	0	13	2	11	0.0	0.0	18.846153846153847	33.0
bicep circumference chart	2	0	2	17	3	14	0.11764705882352941	0.0	9.294117647058824	10.333333333333334
bicep length	0	0	0	143	33	110	0.0	0.0	11.62937062937063	9.454545454545455
bicep measurement	0	0	0	16	4	12	0.0	0.0	20.75	23.25
bicep size	0	0	0	83	5	78	0.0	0.0	9.80722891566265	10.8
bicep size by height	2	0	2	20	0	20	0.1	0.0	7.0	
bicep size chart	0	0	0	198	18	180	0.0	0.0	8.378787878787879	12.444444444444445
bicep size for men	0	0	0	21	1	20	0.0	0.0	8.333333333333332	6.0
bicep sizes	1	0	1	24	1	23	0.041666666666666664	0.0	10.0	8.0
biceps circumference chart	0	0	0	14	0	14	0.0	0.0	8.5	
biceps inches	0	0	0	10	2	8	0.0	0.0	10.3	11.0
biceps measurement	0	0	0	14	2	12	0.0	0.0	15.571428571428571	6.5
biceps size	0	0	0	48	1	47	0.0	0.0	10.604166666666666	12.0
biceps size chart	0	0	0	51	11	40	0.0	0.0	8.686274509803923	10.909090909090908
biceps size for men	0	0	0	10	0	10	0.0	0.0	9.5	
biceps sizes	0	0	0	11	0	11	0.0	0.0	7.909090909090909	
big hip size female	0	0	0	1	12	-11	0.0	0.0	3.0	7.583333333333333
bmi body visualizer	0	0	0	22	0	22	0.0	0.0	10.181818181818182	
bmi visualizer	0	0	0	50	0	50	0.0	0.0	30.2	
body ai app	0	0	0	9	10	-1	0.0	0.0	2.888888888888889	3.1
body analysis app	0	0	0	8	10	-2	0.0	0.0	4.875	9.7
body composition analysis app	0	0	0	8	15	-7	0.0	0.0	6.375	6.2
body composition analysis chart	0	0	0	2	10	-8	0.0	0.0	43.5	44.0
body composition app	1	2	-1	68	75	-7	0.014705882352941176	0.02666666666666667	8.970588235294118	6.08
body composition image	0	0	0	10	0	10	0.0	0.0	15.1	
body composition images	0	0	0	18	0	18	0.0	0.0	8.166666666666668	
body composition picture	0	0	0	20	0	20	0.0	0.0	7.1	
body composition scan app	0	1	-1	8	10	-2	0.0	0.1	5.0	6.7
body composition software	0	0	0	4	13	-9	0.0	0.0	9.25	7.461538461538462
body composition tracker app	0	0	0	12	13	-1	0.0	0.0	7.916666666666667	7.153846153846154
body composition visualizer	0	0	0	6	12	-6	0.0	0.0	9.333333333333334	11.333333333333334
body dysmorphia why do i look fat in pictures but not in the mirror	1	0	1	11	22	-11	0.09090909090909091	0.0	8.272727272727273	5.636363636363637
body editor free	0	0	0	14	0	14	0.0	0.0	3.0714285714285716	
body fat 20	0	0	0	10	0	10	0.0	0.0	46.8	
body fat 8%	0	0	0	11	0	11	0.0	0.0	8.727272727272727	
body fat ai	28	14	14	300	129	171	0.09333333333333334	0.10852713178294573	6.4366666666666665	6.573643410852713
body fat ai calculator	3	1	2	25	41	-16	0.12	0.024390243902439025	6.84	6.560975609756097
body fat ai estimator	10	17	-7	79	197	-118	0.12658227848101267	0.08629441624365482	5.291139240506329	5.538071065989848
body fat ai scan	1	1	0	12	7	5	0.08333333333333333	0.14285714285714285	3.4166666666666665	4.142857142857142
body fat analyzer ai	4	1	3	28	32	-4	0.14285714285714285	0.03125	6.678571428571429	6.625
body fat app	5	4	1	63	56	7	0.07936507936507936	0.07142857142857142	5.349206349206349	7.142857142857143
body fat app free	2	1	1	22	10	12	0.09090909090909091	0.1	5.181818181818182	4.6
body fat based on picture	2	0	2	14	0	14	0.14285714285714285	0.0	8.928571428571429	
body fat by image	0	0	0	20	13	7	0.0	0.0	8.65	14.615384615384615
body fat by photo	0	0	0	17	10	7	0.0	0.0	12.0	7.6
body fat by picture	1	0	1	125	78	47	0.008	0.0	10.272	11.307692307692308
body fat calculator ai	11	10	1	126	147	-21	0.0873015873015873	0.06802721088435375	6.404761904761905	6.72108843537415
body fat calculator app	1	3	-2	15	25	-10	0.06666666666666667	0.12	3.933333333333333	5.96
body fat calculator by image	2	0	2	28	7	21	0.07142857142857142	0.0	5.678571428571429	7.857142857142857
body fat calculator by picture	2	0	2	38	15	23	0.05263157894736842	0.0	4.710526315789474	8.4
body fat calculator from photo	2	2	0	9	30	-21	0.2222222222222222	0.06666666666666667	5.555555555555555	8.533333333333333
body fat calculator image	2	1	1	44	31	13	0.045454545454545456	0.03225806451612903	11.909090909090908	9.258064516129032
body fat calculator photo	9	2	7	84	49	35	0.10714285714285714	0.04081632653061224	5.880952380952381	7.489795918367347
body fat calculator picture	0	0	0	14	1	13	0.0	0.0	11.0	8.0
body fat calculator pictures	2	1	1	24	14	10	0.08333333333333333	0.07142857142857142	8.291666666666668	8.857142857142858
body fat calculator with photo	1	1	0	31	17	14	0.03225806451612903	0.058823529411764705	5.096774193548387	10.176470588235293
body fat chart	0	0	0	12	44	-32	0.0	0.0	24.083333333333332	37.0
body fat chart female	0	0	0	1	10	-9	0.0	0.0	29.0	75.7
body fat chart men	0	0	0	11	19	-8	0.0	0.0	22.454545454545453	35.473684210526315
body fat comparison	0	0	0	0	11	-11	0.0	0.0		41.09090909090909
body fat composition chart	0	0	0	3	14	-11	0.0	0.0	37.333333333333336	41.357142857142854
body fat estimate ai	18	13	5	192	190	2	0.09375	0.06842105263157895	5.619791666666667	6.521052631578947
body fat estimate from photo	7	1	6	25	14	11	0.28	0.07142857142857142	4.6	7.857142857142857
body fat estimate photo	6	2	4	35	21	14	0.17142857142857143	0.09523809523809523	5.542857142857143	8.333333333333332
body fat estimate pictures	1	0	1	40	38	2	0.025	0.0	27.15	23.657894736842106
body fat estimation ai	3	1	2	23	24	-1	0.13043478260869565	0.041666666666666664	5.086956521739131	4.5
body fat estimation from photographs accuracy study	0	0	0	11	17	-6	0.0	0.0	6.0	4.117647058823529
body fat estimator ai	32	20	12	452	517	-65	0.07079646017699115	0.03868471953578337	7.033185840707965	5.972920696324952
body fat estimator ai photo	0	0	0	35	9	26	0.0	0.0	29.457142857142856	20.555555555555557
body fat estimator from photo	5	5	0	40	47	-7	0.125	0.10638297872340426	4.375	7.319148936170213
body fat estimator photo	2	6	-4	41	52	-11	0.04878048780487805	0.11538461538461539	6.121951219512195	7.788461538461538
body fat examples	0	1	-1	3	12	-9	0.0	0.08333333333333333	32.33333333333333	37.166666666666664
body fat face	0	0	0	5	11	-6	0.0	0.0	8.4	12.545454545454545
body fat from image	2	2	0	32	43	-11	0.0625	0.046511627906976744	6.25	7.3023255813953485
body fat from photo	4	6	-2	37	40	-3	0.10810810810810811	0.15	10.108108108108109	9.575
body fat from picture	2	1	1	24	16	8	0.08333333333333333	0.0625	6.666666666666667	7.375
body fat image calculator	2	2	0	30	28	2	0.06666666666666667	0.07142857142857142	7.633333333333334	7.785714285714286
body fat images	0	0	0	12	27	-15	0.0	0.0	15.416666666666666	16.25925925925926
body fat images male	0	0	0	10	9	1	0.0	0.0	11.0	11.222222222222221
body fat level chart	0	0	0	4	11	-7	0.0	0.0	31.5	47.63636363636363
body fat levels pictures	0	0	0	10	8	2	0.0	0.0	23.7	19.375
body fat men	0	0	0	3	16	-13	0.0	0.0	27.666666666666668	30.4375
body fat percentage ai	17	9	8	142	117	25	0.11971830985915492	0.07692307692307693	6.063380281690141	7.068376068376068
body fat percentage ai calculator	1	0	1	17	0	17	0.058823529411764705	0.0	4.235294117647059	
body fat percentage ai photo	1	4	-3	35	47	-12	0.02857142857142857	0.0851063829787234	4.342857142857143	5.808510638297872
body fat percentage and pictures	0	0	0	12	5	7	0.0	0.0	30.916666666666668	26.8
body fat percentage app	2	6	-4	31	44	-13	0.06451612903225806	0.13636363636363635	3.2580645161290325	3.75
body fat percentage by image	0	0	0	15	12	3	0.0	0.0	22.333333333333332	13.833333333333334
body fat percentage by photo	2	2	0	31	13	18	0.06451612903225806	0.15384615384615385	7.258064516129032	8.76923076923077
body fat percentage by picture	1	0	1	31	36	-5	0.03225806451612903	0.0	11.516129032258064	15.555555555555555
body fat percentage calculator ai	4	4	0	26	44	-18	0.15384615384615385	0.09090909090909091	4.8076923076923075	6.7272727272727275
body fat percentage calculator by photo	2	0	2	11	12	-1	0.18181818181818182	0.0	4.181818181818182	6.833333333333333
body fat percentage calculator image	1	2	-1	12	11	1	0.08333333333333333	0.18181818181818182	6.333333333333333	10.454545454545455
body fat percentage calculator photo	2	2	0	14	13	1	0.14285714285714285	0.15384615384615385	5.285714285714286	7.615384615384615
body fat percentage cannot be accurately estimated from photo source	0	0	0	0	19	-19	0.0	0.0		9.789473684210526
body fat percentage cannot be accurately estimated from photos source	0	0	0	3	10	-7	0.0	0.0	9.333333333333334	8.5
body fat percentage chart	0	0	0	99	158	-59	0.0	0.0	25.939393939393938	32.07594936708861
body fat percentage chart male	0	0	0	1	11	-10	0.0	0.0	25.0	30.181818181818183
body fat percentage chart men	0	0	0	19	18	1	0.0	0.0	25.473684210526315	37.666666666666664
body fat percentage chart pictures	0	0	0	6	10	-4	0.0	0.0	19.666666666666668	16.0
body fat percentage chart women	0	0	0	3	13	-10	0.0	0.0	29.666666666666668	65.3076923076923
body fat percentage charts	0	0	0	7	17	-10	0.0	0.0	28.0	38.88235294117647
body fat percentage estimate ai	2	1	1	18	43	-25	0.1111111111111111	0.023255813953488372	8.722222222222221	6.023255813953488
body fat percentage estimate from photos accuracy study	0	0	0	6	16	-10	0.0	0.0	5.666666666666667	4.1875
body fat percentage estimate pictures	1	0	1	11	13	-2	0.09090909090909091	0.0	11.636363636363637	9.307692307692308
body fat percentage estimation from photographs accuracy study	0	0	0	11	12	-1	0.0	0.0	6.363636363636363	5.25
body fat percentage estimation from photos unreliable source	0	0	0	4	10	-6	0.0	0.0	8.5	8.7
body fat percentage examples	0	0	0	9	23	-14	0.0	0.0	25.666666666666668	35.82608695652174
body fat percentage face	0	0	0	31	16	15	0.0	0.0	10.548387096774194	15.9375
body fat percentage for visible jawline men	0	0	0	9	20	-11	0.0	0.0	7.0	8.6
body fat percentage from photo	4	3	1	41	32	9	0.0975609756097561	0.09375	7.902439024390244	13.9375
body fat percentage graph	0	0	0	6	26	-20	0.0	0.0	19.166666666666668	21.923076923076923
body fat percentage image	0	0	0	14	7	7	0.0	0.0	18.071428571428573	12.0
body fat percentage images	0	0	0	41	44	-3	0.0	0.0	11.317073170731707	17.272727272727273
body fat percentage images female	0	0	0	11	11	0	0.0	0.0	27.0	22.727272727272727
body fat percentage images men	0	0	0	22	13	9	0.0	0.0	19.318181818181817	13.461538461538462
body fat percentage images women	0	0	0	18	4	14	0.0	0.0	24.555555555555557	20.75
body fat percentage male	0	0	0	0	26	-26	0.0	0.0		40.69230769230769
body fat percentage male pictures	0	0	0	17	13	4	0.0	0.0	9.882352941176471	13.153846153846153
body fat percentage men	0	0	0	1	65	-64	0.0	0.0	17.0	43.93846153846154
body fat percentage men chart	0	0	0	3	14	-11	0.0	0.0	26.0	31.428571428571427
body fat percentage men face	0	0	0	11	0	11	0.0	0.0	5.909090909090909	
body fat percentage men images	0	0	0	20	15	5	0.0	0.0	11.45	12.733333333333333
body fat percentage men photos	0	0	0	9	10	-1	0.0	0.0	11.0	9.1
body fat percentage men pictures	0	0	0	125	100	25	0.0	0.0	12.944	16.16
body fat percentage men visual	1	0	1	20	18	2	0.05	0.0	12.2	12.11111111111111
body fat percentage photo	0	2	-2	23	23	0	0.0	0.08695652173913043	10.826086956521738	10.91304347826087
body fat percentage photos	0	0	0	57	32	25	0.0	0.0	15.87719298245614	19.1875
body fat percentage photos men	0	0	0	11	7	4	0.0	0.0	8.818181818181818	13.428571428571429
body fat percentage pics	0	0	0	11	6	5	0.0	0.0	9.636363636363637	16.166666666666664
body fat percentage picture	0	0	0	14	8	6	0.0	0.0	17.357142857142858	12.75
body fat percentage pictures	2	1	1	157	90	67	0.012738853503184714	0.011111111111111112	13.337579617834395	17.38888888888889
body fat percentage pictures female	0	0	0	69	33	36	0.0	0.0	15.420289855072463	25.12121212121212
body fat percentage pictures for men	0	0	0	13	2	11	0.0	0.0	35.69230769230769	22.0
body fat percentage pictures male	0	0	0	18	26	-8	0.0	0.0	22.944444444444443	18.692307692307693
body fat percentage pictures men	0	0	0	21	12	9	0.0	0.0	12.238095238095237	18.833333333333332
body fat percentage range for visible abs in women -filetype:txt -filetype:pdf -filetype:epub -filetype:doc -filetype:docx -filetype:xls -filetype:xlsx -filetype:ppt -filetype:csv -site:youtube.com -site:tiktok.com -site:instagram.com -site:ebay.com -site:jd.com -site:amazon.com -site:iqiyi.com -site:bilibili.com -site:t.me -site:douyin.com -site:douban.com -site:apple.com -site:reddit.com -site:researchgate.net -site:academia.edu -site:dokumen.pub -site:en.wikipedia.org -site:quora.com -site:sciencedirect.com -site:cambridge.org -site:mdpi.com -site:link.springer.com -site:zhuanlan.zhihu.com -site:journals.sagepub.com -site:imdb.com -site:tandfonline.com -site:onlinelibrary.wiley.com -site:brill.com -site:getyourguide.com -site:academic.oup.com -site:www.emerald.com -site:eresources.nlb.gov.sg -site:www.govinfo.gov	0	0	0	0	10	-10	0.0	0.0		17.3
body fat percentage range for women to show abs -filetype:txt -filetype:pdf -filetype:epub -filetype:doc -filetype:docx -filetype:xls -filetype:xlsx -filetype:ppt -filetype:csv -site:youtube.com -site:tiktok.com -site:instagram.com -site:ebay.com -site:jd.com -site:amazon.com -site:iqiyi.com -site:bilibili.com -site:t.me -site:douyin.com -site:douban.com -site:apple.com -site:reddit.com -site:researchgate.net -site:academia.edu -site:dokumen.pub -site:en.wikipedia.org -site:quora.com -site:sciencedirect.com -site:cambridge.org -site:mdpi.com -site:link.springer.com -site:zhuanlan.zhihu.com -site:journals.sagepub.com -site:imdb.com -site:tandfonline.com -site:onlinelibrary.wiley.com -site:brill.com -site:getyourguide.com -site:academic.oup.com -site:www.emerald.com -site:eresources.nlb.gov.sg -site:www.govinfo.gov	0	0	0	0	15	-15	0.0	0.0		20.533333333333335
body fat percentage reference images	0	0	0	25	27	-2	0.0	0.0	6.36	6.666666666666667
body fat percentage visual	0	0	0	50	29	21	0.0	0.0	26.4	18.24137931034483
body fat percentage visual chart	0	0	0	15	7	8	0.0	0.0	21.733333333333334	20.428571428571427
body fat percentage visual estimation chart men	0	0	0	0	11	-11	0.0	0.0		15.545454545454545
body fat percentage visual estimation chart men mirror selfie	0	0	0	0	52	-52	0.0	0.0		9.096153846153847
body fat percentage visual guide	0	0	0	26	12	14	0.0	0.0	12.115384615384615	13.5
body fat percentage visualiser	3	1	2	32	13	19	0.09375	0.07692307692307693	7.28125	9.384615384615385
body fat percentage visualized	0	0	0	15	4	11	0.0	0.0	8.733333333333334	13.0
body fat percentage visualizer	30	5	25	176	99	77	0.17045454545454544	0.050505050505050504	4.017045454545455	7.282828282828283
body fat percentage with pictures	0	0	0	16	12	4	0.0	0.0	22.25	18.916666666666668
body fat percentage women	0	0	0	0	21	-21	0.0	0.0		61.666666666666664
body fat percentage women pictures	0	0	0	33	24	9	0.0	0.0	15.848484848484848	25.416666666666668
body fat percentages	0	0	0	1	21	-20	0.0	0.0	9.0	37.80952380952381
body fat percentages pictures	0	0	0	8	12	-4	0.0	0.0	13.125	21.75
body fat percentages visualized	0	0	0	48	8	40	0.0	0.0	12.791666666666666	11.5
body fat percentages visuals	0	0	0	10	2	8	0.0	0.0	43.4	37.0
body fat photo calculator	6	0	6	31	7	24	0.1935483870967742	0.0	6.516129032258065	7.285714285714286
body fat photos	0	0	0	18	13	5	0.0	0.0	13.88888888888889	17.46153846153846
body fat picture analyzer	0	2	-2	9	19	-10	0.0	0.10526315789473684	7.222222222222222	6.7368421052631575
body fat picture calculator	1	0	1	12	3	9	0.08333333333333333	0.0	10.833333333333334	10.0
body fat pictures	0	0	0	16	41	-25	0.0	0.0	20.6875	20.24390243902439
body fat pictures female	0	0	0	9	11	-2	0.0	0.0	10.11111111111111	25.454545454545453
body fat pictures male	0	0	0	12	10	2	0.0	0.0	16.833333333333336	20.2
body fat pictures men	0	0	0	20	8	12	0.0	0.0	8.95	18.125
body fat quiz	2	0	2	13	4	9	0.15384615384615385	0.0	9.0	7.0
body fat ratio chart	0	0	0	5	15	-10	0.0	0.0	28.8	41.266666666666666
body fat reference images	0	0	0	29	17	12	0.0	0.0	7.551724137931035	8.588235294117647
body fat reference pictures	0	0	0	7	10	-3	0.0	0.0	11.857142857142858	8.4
body fat scales app	0	0	0	26	39	-13	0.0	0.0	18.03846153846154	23.615384615384617
body fat scan	0	0	0	2	14	-12	0.0	0.0	3.0	31.5
body fat scan app	2	1	1	17	21	-4	0.11764705882352941	0.047619047619047616	5.176470588235294	6.142857142857143
body fat scanner	2	1	1	11	34	-23	0.18181818181818182	0.029411764705882353	23.454545454545453	25.41176470588235
body fat scanner ai	1	0	1	14	15	-1	0.07142857142857142	0.0	4.357142857142858	5.133333333333334
body fat scanner app	4	7	-3	35	45	-10	0.11428571428571428	0.15555555555555556	4.485714285714286	4.155555555555555
body fat tracker app	0	0	0	34	39	-5	0.0	0.0	6.823529411764706	9.794871794871796
body fat visual	0	0	0	5	11	-6	0.0	0.0	12.6	21.09090909090909
body fat visual guide	1	0	1	22	13	9	0.045454545454545456	0.0	17.136363636363637	15.461538461538462
body fat visualiser	19	4	15	166	32	134	0.1144578313253012	0.125	4.144578313253012	10.8125
body fat visualization	0	0	0	14	1	13	0.0	0.0	25.071428571428573	9.0
body fat visualizer	167	17	150	500	195	305	0.334	0.08717948717948718	2.512	7.282051282051282
body fat visualizer female	5	4	1	17	6	11	0.29411764705882354	0.6666666666666666	3.0588235294117645	3.3333333333333335
body fat visualizer men	0	0	0	30	12	18	0.0	0.0	8.033333333333333	11.166666666666666
body fat women	0	0	0	1	14	-13	0.0	0.0	70.0	53.142857142857146
body frame	0	0	0	2	18	-16	0.0	0.0	45.0	9.666666666666666
body frames	0	1	-1	0	10	-10	0.0	0.1		10.5
body mass visualizer	0	0	0	10	18	-8	0.0	0.0	25.5	9.11111111111111
body measurement app	0	0	0	75	69	6	0.0	0.0	10.36	11.159420289855072
body measurement app for clothing	0	0	0	17	11	6	0.0	0.0	12.470588235294118	17.181818181818183
body measurement apps	0	0	0	18	14	4	0.0	0.0	10.166666666666666	10.714285714285714
body measurement chart male	0	0	0	15	1	14	0.0	0.0	7.0	10.0
body measurement for men	0	0	0	11	1	10	0.0	0.0	6.7272727272727275	9.0
body measurement scanner	1	1	0	22	19	3	0.045454545454545456	0.05263157894736842	10.454545454545455	16.473684210526315
body measurement software	0	0	0	26	22	4	0.0	0.0	16.346153846153847	19.636363636363637
body measurements app	2	0	2	25	15	10	0.08	0.0	10.6	10.733333333333333
body measurements chart men	0	0	0	10	0	10	0.0	0.0	8.7	
body measurements for men	3	0	3	151	15	136	0.019867549668874173	0.0	9.900662251655628	15.533333333333333
body measurements for men fitness	0	0	0	10	0	10	0.0	0.0	11.7	
body measurements for women	1	0	1	35	4	31	0.02857142857142857	0.0	28.6	37.25
body measurements male	2	1	1	29	12	17	0.06896551724137931	0.08333333333333333	7.172413793103448	10.75
body measurements man	2	0	2	14	1	13	0.14285714285714285	0.0	5.714285714285714	33.0
body measurements men	2	0	2	68	18	50	0.029411764705882353	0.0	7.544117647058823	15.222222222222221
body measurements using phone camera	0	0	0	16	8	8	0.0	0.0	15.125	16.75
body measuring app	0	0	0	14	18	-4	0.0	0.0	10.142857142857142	12.11111111111111
body metrics ai	0	0	0	2	33	-31	0.0	0.0	11.0	10.333333333333334
body percentage fat pictures	0	0	0	16	3	13	0.0	0.0	31.6875	25.333333333333332
body pod	0	0	0	27	8	19	0.0	0.0	20.62962962962963	36.875
body pod review	0	0	0	12	9	3	0.0	0.0	18.666666666666668	19.11111111111111
body proportions male	1	0	1	22	6	16	0.045454545454545456	0.0	9.090909090909092	12.0
body proportions men	0	0	0	16	6	10	0.0	0.0	7.125	12.0
body ranker	0	0	0	12	0	12	0.0	0.0	5.833333333333333	
body rate	0	0	0	17	0	17	0.0	0.0	1.0	
body rate ai	3	0	3	16	1	15	0.1875	0.0	7.3125	3.0
body rater	31	3	28	204	171	33	0.15196078431372548	0.017543859649122806	5.0245098039215685	9.760233918128655
body rater ai	10	0	10	32	1	31	0.3125	0.0	3.59375	10.0
body rating	2	3	-1	164	62	102	0.012195121951219513	0.04838709677419355	8.487804878048781	8.741935483870968
body rating ai	22	0	22	90	57	33	0.24444444444444444	0.0	4.866666666666667	5.56140350877193
body rating app	0	2	-2	13	23	-10	0.0	0.08695652173913043	2.3846153846153846	4.391304347826087
body recomp app	0	0	0	24	29	-5	0.0	0.0	6.791666666666667	8.448275862068964
body recomp skinny fat	0	0	0	18	10	8	0.0	0.0	9.333333333333334	11.5
body recomposition	0	0	0	26	8	18	0.0	0.0	2.4615384615384617	3.0
body recomposition app	2	1	1	37	25	12	0.05405405405405406	0.04	6.027027027027027	6.36
body recomposition app free	1	0	1	18	15	3	0.05555555555555555	0.0	5.777777777777778	8.2
body recomposition for skinny fat	0	0	0	11	4	7	0.0	0.0	12.545454545454545	18.5
body recomposition skinny fat	0	0	0	20	13	7	0.0	0.0	8.9	13.384615384615385
body recomposition tracking	0	0	0	20	0	20	0.0	0.0	27.6	
body scan app	15	2	13	351	251	100	0.042735042735042736	0.00796812749003984	6.948717948717949	8.40239043824701
body scan app android	1	0	1	42	13	29	0.023809523809523808	0.0	5.428571428571429	9.23076923076923
body scan apps	3	1	2	32	29	3	0.09375	0.034482758620689655	5.6875	8.206896551724139
body scan apps free	0	3	-3	12	30	-18	0.0	0.1	4.416666666666666	4.066666666666666
body scan mobile	0	0	0	11	4	7	0.0	0.0	21.636363636363637	28.5
body scanner	0	0	0	91	81	10	0.0	0.0	17.945054945054945	20.34567901234568
body scanner app	1	1	0	44	61	-17	0.022727272727272728	0.01639344262295082	5.590909090909091	7.065573770491803
body scanner app for weight loss	1	2	-1	13	18	-5	0.07692307692307693	0.1111111111111111	5.615384615384615	7.111111111111111
body scanner apps	0	1	-1	19	9	10	0.0	0.1111111111111111	6.105263157894737	7.888888888888889
body scanner comparison	0	0	0	11	7	4	0.0	0.0	6.545454545454546	15.142857142857142
body scanner free	1	0	1	18	2	16	0.05555555555555555	0.0	5.277777777777778	7.0
body scanning app	0	0	0	54	38	16	0.0	0.0	8.018518518518519	7.0
body scanning app free	0	0	0	18	7	11	0.0	0.0	3.9444444444444446	3.142857142857143
body scanning application	0	1	-1	25	32	-7	0.0	0.03125	4.76	10.28125
body scanning apps	0	0	0	4	14	-10	0.0	0.0	5.0	7.5
body shape scanner app	0	0	0	0	14	-14	0.0	0.0		8.357142857142858
body shape simulator	0	0	0	10	0	10	0.0	0.0	67.8	
body shape visualizer	0	0	0	34	0	34	0.0	0.0	29.264705882352942	
body simulator	0	0	0	10	0	10	0.0	0.0	67.3	
body size for men	0	0	0	15	6	9	0.0	0.0	8.333333333333332	7.666666666666667
body size man	0	0	0	11	0	11	0.0	0.0	6.2727272727272725	
body size measurement app	0	0	0	12	20	-8	0.0	0.0	13.25	13.95
body size men	0	0	0	31	14	17	0.0	0.0	6.387096774193548	8.071428571428571
body sizes men	0	0	0	20	22	-2	0.0	0.0	6.8	7.7272727272727275
body tracker	0	0	0	20	0	20	0.0	0.0	13.1	
body tracker app	2	0	2	73	11	62	0.0273972602739726	0.0	5.931506849315069	10.090909090909092
body tracking app	9	0	9	94	6	88	0.09574468085106383	0.0	6.882978723404255	5.166666666666667
body tracking application	0	0	0	20	1	19	0.0	0.0	6.45	7.0
body tracking software	0	0	0	14	0	14	0.0	0.0	22.428571428571427	
body transformation app	3	4	-1	45	56	-11	0.06666666666666667	0.07142857142857142	2.8	2.607142857142857
body visualiser	0	0	0	16	0	16	0.0	0.0	48.4375	
body visualizer	0	0	0	66	0	66	0.0	0.0	39.878787878787875	
body visualizer 3d	0	0	0	11	0	11	0.0	0.0	49.18181818181818	
body visualizer female	0	0	0	18	0	18	0.0	0.0	43.666666666666664	
body visualizer male	1	0	1	20	21	-1	0.05	0.0	25.55	9.285714285714286
body visualizer with body fat percentage	16	1	15	25	6	19	0.64	0.16666666666666666	1.92	13.666666666666666
body weight and height visualizer	0	0	0	19	0	19	0.0	0.0	11.578947368421053	
bodybuilder chest size	0	0	0	16	0	16	0.0	0.0	8.125	
bodybuilder measurements	0	0	0	19	1	18	0.0	0.0	13.0	19.0
bodybuilding measurements	0	0	0	22	1	21	0.0	0.0	12.863636363636363	39.0
bodybuilding measurements chart	0	0	0	10	5	5	0.0	0.0	7.6	13.6
bodyfat ai	17	7	10	124	79	45	0.13709677419354838	0.08860759493670886	5.580645161290323	6.670886075949367
bodyfat ai estimator	5	2	3	31	28	3	0.16129032258064516	0.07142857142857142	5.32258064516129	6.071428571428571
bodyfat app	0	0	0	10	0	10	0.0	0.0	4.3	
bodyfat chart	0	0	0	1	15	-14	0.0	0.0	16.0	16.066666666666666
bodyfat estimate ai	1	2	-1	16	34	-18	0.0625	0.058823529411764705	5.3125	5.794117647058823
bodyfat estimator ai	3	0	3	25	23	2	0.12	0.0	5.48	6.391304347826087
bodyfat scanner	0	0	0	3	25	-22	0.0	0.0	25.666666666666668	31.04
bodyfat visualizer	2	0	2	24	5	19	0.08333333333333333	0.0	4.291666666666666	3.8
bodyfatai	0	1	-1	5	11	-6	0.0	0.09090909090909091	9.0	9.636363636363637
bodyviewwr assessment software comparison	0	0	0	1	72	-71	0.0	0.0	5.0	4.333333333333334
bodyvisualizer	0	0	0	10	0	10	0.0	0.0	42.6	
breast to waist ratio	0	0	0	15	4	11	0.0	0.0	7.266666666666667	8.75
broad frame body	0	0	0	0	11	-11	0.0	0.0		7.818181818181818
building a successful ai-powered fitness app	0	0	0	5	14	-9	0.0	0.0	64.2	61.357142857142854
can ai estimate body fat percentage	1	1	0	28	39	-11	0.03571428571428571	0.02564102564102564	8.857142857142858	6.769230769230769
can you rate my physique	1	0	1	16	0	16	0.0625	0.0	7.5625	
cehest size men 6 foot 230 lbs	0	0	0	20	0	20	0.0	0.0	7.85	
chest and waist	0	0	0	21	7	14	0.0	0.0	6.714285714285714	7.0
chest ratio	0	0	0	20	1	19	0.0	0.0	3.6	2.0
chest size average male	1	0	1	10	1	9	0.1	0.0	8.6	5.0
chest to height ratio	0	0	0	13	2	11	0.0	0.0	9.23076923076923	9.0
chest to hip ratio	0	0	0	10	0	10	0.0	0.0	9.2	
chest to waist	0	0	0	12	2	10	0.0	0.0	4.25	7.5
chest to waist ratio	11	0	11	255	43	212	0.043137254901960784	0.0	4.396078431372549	6.046511627906977
chest to waist ratio men	7	2	5	117	25	92	0.05982905982905983	0.08	3.4358974358974357	5.96
chest vs waist	1	0	1	15	3	12	0.06666666666666667	0.0	4.0	7.0
chest waist	0	0	0	74	16	58	0.0	0.0	4.972972972972973	5.9375
chest waist hip measurements male	0	0	0	44	0	44	0.0	0.0	8.204545454545453	
chest waist ratio	2	0	2	36	5	31	0.05555555555555555	0.0	6.194444444444445	6.2
chest waist ratio men	0	1	-1	13	6	7	0.0	0.16666666666666666	5.923076923076923	5.166666666666667
clavicle to waist ratio	0	0	0	29	0	29	0.0	0.0	7.379310344827586	
comic gym	0	0	0	11	0	11	0.0	0.0	8.272727272727273	
comics gym	0	0	0	11	2	9	0.0	0.0	8.181818181818182	11.0
compare my progress	0	0	0	31	21	10	0.0	0.0	6.258064516129032	6.428571428571429
cuanto mide una muñeca de mujer promedio	0	0	0	0	12	-12	0.0	0.0		6.416666666666667
cuanto mide una muñeca promedio	0	0	0	0	17	-17	0.0	0.0		4.8235294117647065
dad bod body fat percentage	0	0	0	0	17	-17	0.0	0.0		3.823529411764706
dad bod vs fat	0	1	-1	0	55	-55	0.0	0.01818181818181818		6.818181818181818
develop an ai-based fitness app	0	0	0	7	14	-7	0.0	0.0	31.285714285714285	36.714285714285715
dexa alternative	0	0	0	32	27	5	0.0	0.0	8.875	9.88888888888889
dexa scan alternative	0	0	0	35	25	10	0.0	0.0	9.628571428571428	11.2
dexa scan alternatives	0	2	-2	55	62	-7	0.0	0.03225806451612903	8.509090909090908	7.580645161290323
dexa scan app	0	0	0	12	21	-9	0.0	0.0	10.416666666666666	8.714285714285715
dexa scan visceral fat	0	0	0	22	8	14	0.0	0.0	78.68181818181819	56.125
dexa visceral fat	0	0	0	16	5	11	0.0	0.0	78.3125	62.8
different body fat percentages	0	0	0	2	15	-13	0.0	0.0	9.5	22.333333333333332
digital body measurements	0	0	0	14	5	9	0.0	0.0	14.785714285714286	19.6
do cameras make you look fatter	0	0	0	20	2	18	0.0	0.0	13.3	7.5
do i have a long torso	0	0	0	12	0	12	0.0	0.0	10.666666666666666	
do i look fat	5	0	5	168	1	167	0.02976190476190476	0.0	8.06547619047619	53.0
do i look fat?	0	0	0	17	0	17	0.0	0.0	5.352941176470588	
do men have waists	0	0	0	3	22	-19	0.0	0.0	7.666666666666667	7.545454545454546
does muscle weigh more than fat	0	0	0	8	54	-46	0.0	0.0	2.0	1.9814814814814814
easiest body scanning apis for fitness app	0	0	0	0	20	-20	0.0	0.0		7.55
estimate body fat from photo	1	1	0	16	28	-12	0.0625	0.03571428571428571	4.6875	7.392857142857143
estimate body fat percentage from photo	5	2	3	72	38	34	0.06944444444444445	0.05263157894736842	4.902777777777778	7.684210526315789
face at 15 percent body fat	0	0	0	17	0	17	0.0	0.0	7.705882352941177	
face at different body fat	0	0	0	10	4	6	0.0	0.0	11.6	10.0
face at different body fat percentages	0	0	0	65	12	53	0.0	0.0	9.03076923076923	11.25
face fat at different body fat percentages	0	0	0	3	10	-7	0.0	0.0	10.666666666666666	9.8
facial leanness	0	0	0	4	15	-11	0.0	0.0	12.75	10.266666666666667
fat by photo	0	0	0	3	13	-10	0.0	0.0	9.0	4.923076923076923
fat dad bod	0	0	0	0	11	-11	0.0	0.0		14.909090909090908
fat face vs lean face	0	0	0	16	16	0	0.0	0.0	7.0	7.0
fat percentage chart	0	0	0	10	28	-18	0.0	0.0	21.0	36.214285714285715
fat percentage men	0	0	0	0	19	-19	0.0	0.0		43.1578947368421
fat percentage men pictures	0	0	0	12	8	4	0.0	0.0	12.5	10.125
fat percentage pics	0	0	0	10	6	4	0.0	0.0	30.0	19.333333333333332
fat percentage pictures	0	0	0	19	12	7	0.0	0.0	18.105263157894736	19.083333333333332
fat visualizer	13	3	10	38	31	7	0.34210526315789475	0.0967741935483871	2.763157894736842	5.161290322580645
fatt scanner	0	0	0	12	4	8	0.0	0.0	5.5	6.75
female average waist size	0	0	0	16	5	11	0.0	0.0	43.375	28.0
female body fat chart	0	0	0	1	11	-10	0.0	0.0	22.0	56.72727272727273
female body fat percentage	0	0	0	1	14	-13	0.0	0.0	6.0	48.285714285714285
female body fat percentage chart	0	0	0	3	22	-19	0.0	0.0	16.333333333333336	41.18181818181818
female body fat percentage pictures	0	0	0	13	10	3	0.0	0.0	10.923076923076923	22.2
female body fat visualizer	2	0	2	19	2	17	0.10526315789473684	0.0	9.736842105263158	24.5
female body measurements	0	0	0	10	5	5	0.0	0.0	25.8	42.6
female body visualizer	0	0	0	36	0	36	0.0	0.0	48.138888888888886	
female percentage body fat chart	0	0	0	1	10	-9	0.0	0.0	62.0	24.2
female shoulder width	0	0	0	0	11	-11	0.0	0.0		5.454545454545454
female visual body fat percentage	0	0	0	20	13	7	0.0	0.0	41.9	27.23076923076923
ffmi chart	0	1	-1	186	101	85	0.0	0.009900990099009901	8.591397849462366	9.415841584158416
ffmi chart men	0	0	0	19	7	12	0.0	0.0	7.473684210526316	9.571428571428571
ffmi percentiles	0	2	-2	2	13	-11	0.0	0.15384615384615385	8.0	9.153846153846153
ffmi women	1	1	0	11	1	10	0.09090909090909091	1.0	12.545454545454545	12.0
ffmi women chart	1	2	-1	10	7	3	0.1	0.2857142857142857	6.7	7.0
ffmi20	0	0	0	13	11	2	0.0	0.0	8.461538461538462	12.363636363636363
fit comics	0	0	0	16	12	4	0.0	0.0	6.75	7.75
fitness comic	0	1	-1	37	14	23	0.0	0.07142857142857142	5.1891891891891895	5.142857142857143
fitness comics	0	0	0	14	8	6	0.0	0.0	3.9285714285714284	3.375
fitness comix	0	0	0	15	0	15	0.0	0.0	5.266666666666667	
flexed vs unflexed abs	0	0	0	10	0	10	0.0	0.0	8.9	
forearm circumference	0	0	0	14	12	2	0.0	0.0	10.857142857142858	9.5
forearm length	1	0	1	60	10	50	0.016666666666666666	0.0	5.5	6.7
forearm measurement	0	0	0	32	39	-7	0.0	0.0	8.625	9.76923076923077
forearm size	0	0	0	36	26	10	0.0	0.0	6.694444444444445	7.384615384615385
forearm size chart	0	0	0	5	22	-17	0.0	0.0	3.4	7.090909090909091
free	2	2	0	15	16	-1	0.13333333333333333	0.125	3.4	3.6875
free ai body scan	0	1	-1	11	7	4	0.0	0.14285714285714285	21.727272727272727	3.0
free ai personal trainer app	0	0	0	15	11	4	0.0	0.0	10.2	9.181818181818182
free ai trainer app	0	0	0	19	8	11	0.0	0.0	5.526315789473684	7.5
free body scan	1	0	1	11	7	4	0.09090909090909091	0.0	5.454545454545454	11.142857142857142
free body scan app	1	0	1	27	23	4	0.037037037037037035	0.0	5.814814814814815	4.043478260869565
free body scan app android	0	0	0	20	11	9	0.0	0.0	6.3	7.0
free body scan app for weight loss	1	1	0	12	15	-3	0.08333333333333333	0.06666666666666667	6.5	4.2
free body scanner	0	1	-1	12	17	-5	0.0	0.058823529411764705	7.416666666666667	7.882352941176471
free body scanner app	1	2	-1	14	18	-4	0.07142857142857142	0.1111111111111111	3.642857142857143	3.2222222222222223
free body scanner app for weight loss	0	2	-2	25	34	-9	0.0	0.058823529411764705	6.52	5.735294117647059
free physique rater	5	0	5	18	1	17	0.2777777777777778	0.0	3.1666666666666665	8.0
full body scan app	0	0	0	9	14	-5	0.0	0.0	5.888888888888889	9.214285714285714
gain frame	68	81	-13	114	151	-37	0.5964912280701754	0.5364238410596026	5.508771929824562	2.364238410596027
gain frame app	11	16	-5	16	28	-12	0.6875	0.5714285714285714	1.0	1.0
gainframe	398	441	-43	598	716	-118	0.6655518394648829	0.6159217877094972	1.0	1.2402234636871508
gainframe android	0	1	-1	2	10	-8	0.0	0.1	5.0	4.4
gainframe app	31	53	-22	57	99	-42	0.543859649122807	0.5353535353535354	2.175438596491228	1.696969696969697
gains coach vs fitbod	2	5	-3	36	47	-11	0.05555555555555555	0.10638297872340426	1.9166666666666665	2.425531914893617
girl hip size	0	0	0	0	15	-15	0.0	0.0		8.133333333333333
girls hip size	0	0	0	0	13	-13	0.0	0.0		9.846153846153847
golden ratio shoulder to waist	0	0	0	32	0	32	0.0	0.0	8.84375	
golden ratio v taper	0	0	0	25	1	24	0.0	0.0	5.72	10.0
golden ratio waist to shoulder	0	0	0	16	0	16	0.0	0.0	9.875	
golden shoulder to waist ratio	0	0	0	19	0	19	0.0	0.0	8.421052631578949	
good bicep size	0	0	0	11	0	11	0.0	0.0	11.545454545454545	
good chest size for men	0	0	0	30	2	28	0.0	0.0	6.7	9.0
good chest to waist ratio	0	0	0	14	2	12	0.0	0.0	4.571428571428571	7.0
good shoulder to waist ratio	0	0	0	17	0	17	0.0	0.0	10.588235294117647	
good shoulder to waist ratio men	0	0	0	17	0	17	0.0	0.0	9.470588235294118	
grecian ideal	0	0	0	14	5	9	0.0	0.0	11.357142857142858	5.4
guess my weight by picture	0	0	0	15	0	15	0.0	0.0	11.666666666666666	
guess weight by photo online	3	0	3	20	0	20	0.15	0.0	9.45	
guess weight by photo online free	4	0	4	32	16	16	0.125	0.0	6.375	8.25
guess weight by photo online free female	1	2	-1	10	12	-2	0.1	0.16666666666666666	5.0	7.416666666666667
gym comic	0	0	0	30	12	18	0.0	0.0	6.8	7.25
gym comics	0	1	-1	29	12	17	0.0	0.08333333333333333	7.448275862068965	7.5
hand length	0	0	0	0	49	-49	0.0	0.0		8.591836734693878
hand size	0	0	0	0	34	-34	0.0	0.0		9.735294117647058
healthy chest size for men	0	0	0	10	1	9	0.0	0.0	7.4	7.0
healthy waist size for men	0	0	0	10	7	3	0.0	0.0	17.7	36.714285714285715
healthy waist size for women	0	0	0	17	5	12	0.0	0.0	59.0	54.6
healthy waist size women	0	0	0	12	3	9	0.0	0.0	64.5	64.66666666666666
heavier than i look	0	0	0	10	0	10	0.0	0.0	5.9	
height and waist chart	0	0	0	11	1	10	0.0	0.0	12.454545454545455	8.0
height and weight simulator	0	0	0	11	0	11	0.0	0.0	60.09090909090909	
height to waist	0	0	0	16	0	16	0.0	0.0	51.8125	
height to waist ratio	0	0	0	13	0	13	0.0	0.0	51.0	
height waist ratio	0	0	0	11	0	11	0.0	0.0	57.45454545454545	
height weight visualizer	0	0	0	22	0	22	0.0	0.0	14.5	
hevy vs jefit	4	0	4	30	20	10	0.13333333333333333	0.0	8.933333333333334	8.4
high shoulder to waist ratio	0	0	0	11	0	11	0.0	0.0	6.909090909090909	
hip measurement women	0	0	0	4	17	-13	0.0	0.0	2.0	13.176470588235293
hip size	0	0	0	2	38	-36	0.0	0.0	2.0	11.894736842105264
hip size female	0	0	0	3	16	-13	0.0	0.0	35.0	10.1875
hip size for women	0	0	0	0	21	-21	0.0	0.0		7.666666666666667
hip size girl	0	0	0	0	26	-26	0.0	0.0		6.6923076923076925
hollow cheeks body fat percentage	0	0	0	20	1	19	0.0	0.0	7.85	10.0
how 10 body fat look like	0	0	0	5	10	-5	0.0	0.0	10.8	10.6
how big can you get natty	0	0	0	19	0	19	0.0	0.0	7.894736842105263	
how big is a hand	0	0	0	1	16	-15	0.0	0.0	2.0	10.375
how do ai personal trainer apps work?	0	0	0	21	7	14	0.0	0.0	6.809523809523809	7.142857142857143
how do i know if i have a long torso	0	0	0	15	1	14	0.0	0.0	9.866666666666667	11.0
how do i know if i have long legs	0	0	0	13	2	11	0.0	0.0	8.384615384615385	10.0
how do leading body editor apps handle realistic muscle or height changes?	0	0	0	22	30	-8	0.0	0.0	7.409090909090909	6.9
how do you know if you have long legs	0	0	0	11	2	9	0.0	0.0	7.454545454545454	10.0
how does 18 body fat look like	0	0	0	10	7	3	0.0	0.0	8.9	10.285714285714286
how does peloton's body benchmarks feature compare to other fitness tracking systems?	0	0	0	10	0	10	0.0	0.0	62.6	
how long are legs compared to torso	0	0	0	14	0	14	0.0	0.0	10.142857142857142	
how long do newbie gains last	0	0	0	1	82	-81	0.0	0.0	9.0	10.048780487804878
how long does body recomposition take	0	0	0	14	5	9	0.0	0.0	19.857142857142858	21.2
how long does body recomposition take female	0	0	0	10	9	1	0.0	0.0	22.4	31.0
how long does it take for abs to show	0	0	0	0	11	-11	0.0	0.0		14.727272727272727
how long does it take to lose belly fat	0	0	0	0	12	-12	0.0	0.0		25.083333333333332
how long does it take to see abs	0	0	0	0	10	-10	0.0	0.0		29.8
how long does newbie gains last	0	0	0	1	18	-17	0.0	0.0	10.0	9.444444444444445
how long is a forearm	0	0	0	32	30	2	0.0	0.0	5.75	8.866666666666667
how long is a hand	0	0	0	2	27	-25	0.0	0.0	2.0	9.88888888888889
how long is a long torso	0	0	0	10	0	10	0.0	0.0	12.3	
how long is the average forearm	0	0	0	18	6	12	0.0	0.0	6.5	7.5
how long is the average hand	0	0	0	1	16	-15	0.0	0.0	1.0	7.375
how long is your forearm	0	0	0	14	9	5	0.0	0.0	6.357142857142857	7.777777777777778
how many inches is a big bicep	0	0	0	10	0	10	0.0	0.0	8.9	
how measure body	0	0	0	2	10	-8	0.0	0.0	37.5	43.1
how much bicep size is good	0	0	0	13	0	13	0.0	0.0	10.923076923076923	
how much do body composition tests like dexa scans cost	0	0	0	79	31	48	0.0	0.0	2.8354430379746836	4.612903225806452
how much is 10 pounds of fat	0	0	0	0	10	-10	0.0	0.0		9.9
how much is 10lbs of fat	0	1	-1	0	12	-12	0.0	0.08333333333333333		8.75
how much muscle can you gain in a month	0	0	0	0	14	-14	0.0	0.0		47.714285714285715
how personal trainers appear in ai	0	0	0	15	6	9	0.0	0.0	16.666666666666664	20.666666666666668
how to calculate shoulder to waist ratio	0	0	0	59	0	59	0.0	0.0	6.796610169491525	
how to estimate body fat from mirror selfie photos	0	0	0	0	19	-19	0.0	0.0		8.842105263157894
how to estimate body fat percentage from mirror selfie male	0	0	0	15	5	10	0.0	0.0	40.333333333333336	49.4
how to find shoulder to waist ratio	0	0	0	13	0	13	0.0	0.0	7.6923076923076925	
how to know if i have a long torso	0	0	0	18	1	17	0.0	0.0	11.166666666666666	27.0
how to know if i have a short or long torso	0	0	0	12	0	12	0.0	0.0	9.0	
how to know if i have long legs	0	0	0	34	4	30	0.0	0.0	9.882352941176471	9.5
how to know if i have short or long torso	0	0	0	16	1	15	0.0	0.0	11.0	12.0
how to know if you have a long torso	0	0	0	36	0	36	0.0	0.0	11.38888888888889	
how to know if you have long legs	0	0	0	47	6	41	0.0	0.0	8.893617021276595	8.666666666666668
how to know if you have long or short legs	0	0	0	26	2	24	0.0	0.0	8.384615384615385	8.0
how to know if you have long or short torso	0	0	0	17	0	17	0.0	0.0	11.235294117647058	
how to know if you have long torso	0	0	0	24	1	23	0.0	0.0	10.625	12.0
how to know if you have short or long torso	0	0	0	17	1	16	0.0	0.0	10.882352941176471	12.0
how to know if your legs are longer than torso	0	0	0	11	0	11	0.0	0.0	9.363636363636363	
how to measure forearm	0	0	0	10	1	9	0.0	0.0	13.0	1.0
how to measure forearm size	0	0	0	10	3	7	0.0	0.0	10.6	11.333333333333334
how to measure shoulder to hip ratio	0	0	0	15	0	15	0.0	0.0	7.466666666666667	
how to measure shoulder to waist ratio	1	0	1	193	0	193	0.0051813471502590676	0.0	7.849740932642487	
how to measure v taper	1	0	1	17	0	17	0.058823529411764705	0.0	5.294117647058823	
how to measure v taper ratio	1	0	1	14	0	14	0.07142857142857142	0.0	5.857142857142857	
how to measure visceral fat	0	0	0	14	9	5	0.0	0.0	36.785714285714285	27.88888888888889
how to measure waist to shoulder ratio	0	0	0	19	0	19	0.0	0.0	8.210526315789473	
how to measure your visceral fat	0	0	0	12	2	10	0.0	0.0	43.5	40.5
how to read body measurements	0	0	0	2	29	-27	0.0	0.0	45.0	6.448275862068965
how to take body measurements	0	0	0	3	15	-12	0.0	0.0	38.333333333333336	36.06666666666667
how to tell if you have a long torso	0	0	0	11	0	11	0.0	0.0	11.272727272727273	
how to tell if you have long legs	0	0	0	34	3	31	0.0	0.0	9.705882352941176	12.333333333333334
how to tell if you look fat	0	0	0	10	0	10	0.0	0.0	7.5	
how to visually track photography session progress	0	0	0	11	10	1	0.0	0.0	10.727272727272727	14.1
how wide is the average hand	0	0	0	0	16	-16	0.0	0.0		9.4375
hume body pod	0	0	0	29	7	22	0.0	0.0	22.06896551724138	34.57142857142857
hume body pod review	0	0	0	10	4	6	0.0	0.0	19.4	24.0
hume body pod reviews	0	0	0	24	3	21	0.0	0.0	17.458333333333332	29.0
hume health body pod	0	0	0	19	8	11	0.0	0.0	25.263157894736842	35.625
hume health body pod review	0	0	0	13	5	8	0.0	0.0	19.846153846153847	24.6
hume health body pod reviews	0	1	-1	10	11	-1	0.0	0.09090909090909091	21.5	28.818181818181817
hume pod	0	0	0	38	7	31	0.0	0.0	24.789473684210527	35.142857142857146
humehealth body pod	0	0	0	14	0	14	0.0	0.0	21.428571428571427	
i want to track body composition changes what app does this?	0	0	0	10	6	4	0.0	0.0	7.0	6.0
i weigh more than i look	0	0	0	33	15	18	0.0	0.0	7.454545454545454	5.066666666666666
ideal arm size female	0	0	0	0	13	-13	0.0	0.0		5.846153846153846
ideal body measurement	1	0	1	14	0	14	0.07142857142857142	0.0	11.5	
ideal body measurements	2	0	2	88	24	64	0.022727272727272728	0.0	10.397727272727273	15.25
ideal body measurements for men	5	1	4	58	23	35	0.08620689655172414	0.043478260869565216	5.810344827586207	7.521739130434782
ideal body measurements for women	1	0	1	64	32	32	0.015625	0.0	7.03125	9.90625
ideal body measurements male	1	1	0	15	12	3	0.06666666666666667	0.08333333333333333	5.266666666666667	10.833333333333334
ideal body proportions	0	0	0	18	4	14	0.0	0.0	12.722222222222221	19.25
ideal body proportions female	0	0	0	14	13	1	0.0	0.0	14.928571428571429	10.153846153846153
ideal body proportions male	1	0	1	30	8	22	0.03333333333333333	0.0	9.9	8.0
ideal body size for men	2	0	2	17	1	16	0.11764705882352941	0.0	5.529411764705882	6.0
ideal chest size	0	0	0	28	5	23	0.0	0.0	8.964285714285715	7.6
ideal chest size for 6 feet male	0	0	0	54	12	42	0.0	0.0	7.962962962962963	10.083333333333334
ideal chest size for male	0	0	0	56	14	42	0.0	0.0	8.75	10.428571428571429
ideal chest size for men	0	0	0	12	2	10	0.0	0.0	9.833333333333334	11.5
ideal chest size male	0	0	0	54	10	44	0.0	0.0	6.962962962962963	10.0
ideal chest to waist ratio	0	0	0	40	7	33	0.0	0.0	6.75	7.285714285714286
ideal chest to waist ratio male	0	0	0	33	15	18	0.0	0.0	6.575757575757576	8.866666666666667
ideal female body measurements	0	0	0	14	5	9	0.0	0.0	11.714285714285714	23.2
ideal female measurements	0	0	0	11	7	4	0.0	0.0	19.363636363636363	25.142857142857142
ideal hip size for a woman	0	0	0	11	6	5	0.0	0.0	7.7272727272727275	7.333333333333333
ideal male body measurements	0	0	0	26	5	21	0.0	0.0	8.5	19.8
ideal male body proportions	1	0	1	13	4	9	0.07692307692307693	0.0	9.307692307692308	11.5
ideal male chest size	0	0	0	12	0	12	0.0	0.0	11.666666666666666	
ideal male measurements	0	0	0	10	5	5	0.0	0.0	7.7	9.4
ideal male physique measurements	0	0	0	12	2	10	0.0	0.0	10.416666666666666	22.0
ideal male proportions	1	0	1	22	3	19	0.045454545454545456	0.0	9.227272727272727	25.666666666666668
ideal male shoulder to waist ratio	0	0	0	16	0	16	0.0	0.0	6.625	
ideal measurements	0	0	0	20	7	13	0.0	0.0	9.05	17.285714285714285
ideal measurements for a man	0	0	0	12	5	7	0.0	0.0	6.5	9.2
ideal measurements for a woman	0	1	-1	21	8	13	0.0	0.125	8.142857142857142	21.75
ideal measurements for men	0	0	0	23	8	15	0.0	0.0	4.043478260869565	5.875
ideal measurements for women	0	0	0	23	13	10	0.0	0.0	9.652173913043478	8.76923076923077
ideal men body measurements	1	0	1	12	0	12	0.08333333333333333	0.0	7.833333333333333	
ideal proportion male	0	0	0	21	8	13	0.0	0.0	6.571428571428571	6.625
ideal proportions male	0	0	0	15	5	10	0.0	0.0	8.666666666666668	12.8
ideal shoulder to waist ratio	0	0	0	111	0	111	0.0	0.0	9.558558558558559	
ideal shoulder to waist ratio for men	0	0	0	19	0	19	0.0	0.0	9.210526315789474	
ideal shoulder to waist ratio male	1	0	1	60	0	60	0.016666666666666666	0.0	8.7	
ideal shoulder to waist ratio men	0	0	0	28	0	28	0.0	0.0	6.714285714285714	
ideal size for men	0	0	0	15	9	6	0.0	0.0	6.533333333333333	7.111111111111111
ideal v taper ratio	0	0	0	14	1	13	0.0	0.0	7.428571428571429	6.0
ideal vital statistics for women	0	0	0	12	5	7	0.0	0.0	8.25	9.4
ideal waist size for 5 2 woman	0	0	0	12	2	10	0.0	0.0	29.916666666666668	45.0
ideal waist size for 5 7 man	0	0	0	7	17	-10	0.0	0.0	6.714285714285714	7.117647058823529
ideal waist size for a woman	0	0	0	29	15	14	0.0	0.0	41.724137931034484	46.0
ideal waist to chest ratio male	0	0	0	16	3	13	0.0	0.0	4.875	5.666666666666667
ideal waist to shoulder ratio	0	0	0	10	0	10	0.0	0.0	8.3	
ideal waist to shoulder ratio for men	0	0	0	17	1	16	0.0	0.0	8.0	23.0
ideal woman measurements	0	0	0	10	1	9	0.0	0.0	11.1	12.0
ideal women measurements	0	0	0	11	3	8	0.0	0.0	15.0	23.666666666666668
im a healthy weight but look chubky	0	0	0	34	0	34	0.0	0.0	8.147058823529413	
inbody alternative	1	1	0	34	43	-9	0.029411764705882353	0.023255813953488372	3.7941176470588234	7.069767441860465
inbody competitors	0	1	-1	11	15	-4	0.0	0.06666666666666667	4.545454545454545	6.133333333333334
inbody dial h30 vs withings body scan	0	0	0	14	10	4	0.0	0.0	13.642857142857142	18.0
inbody tissue alternative	0	1	-1	21	23	-2	0.0	0.043478260869565216	3.4285714285714284	3.4347826086956523
inbody vs withings	0	0	0	20	23	-3	0.0	0.0	12.7	12.217391304347826
inbody vs withings body scan	0	0	0	6	17	-11	0.0	0.0	17.0	13.764705882352942
intelligent personal trainer app	0	0	0	11	6	5	0.0	0.0	11.545454545454545	13.166666666666666
"intitle:""strava"" ""2026"" -tiktok.com -facebook.com -linkedin.com -x.com -instagram.com -reddit.com ""free"" ""download"""	0	0	0	11	0	11	0.0	0.0	70.45454545454545	
is 12.5 inch biceps good	0	0	0	29	0	29	0.0	0.0	7.931034482758621	
is 13 inch biceps good	0	0	0	10	0	10	0.0	0.0	12.6	
is 13 inch biceps good for 17 year old	0	0	0	11	0	11	0.0	0.0	7.909090909090909	
is 14 inch arms good	0	0	0	10	0	10	0.0	0.0	10.2	
is 14 inch biceps good	0	0	0	22	0	22	0.0	0.0	9.136363636363637	
is 14 inch biceps good for 17 year old	0	0	0	15	1	14	0.0	0.0	8.0	11.0
is 14.5 inch biceps good	0	0	0	33	0	33	0.0	0.0	9.848484848484848	
is 15 inch arms good	0	0	0	10	0	10	0.0	0.0	10.6	
is 15 inch biceps good	0	0	0	38	0	38	0.0	0.0	9.131578947368421	
is 15 inch biceps good for 17 year old	0	0	0	10	0	10	0.0	0.0	5.4	
is 15 inch shoulders broad for female	0	0	0	3	14	-11	0.0	0.0	4.0	6.357142857142857
is 16 inch shoulders broad for female	0	0	0	0	19	-19	0.0	0.0		8.157894736842106
is 30 inch waist big for a woman	0	0	0	16	3	13	0.0	0.0	6.625	17.0
is 33 inch waist big for a woman	0	1	-1	21	2	19	0.0	0.5	9.333333333333334	1.0
is 33 inch waist fat for a woman	0	0	0	10	0	10	0.0	0.0	2.1	
is 34 inch chest good for men	0	0	0	14	1	13	0.0	0.0	9.785714285714286	11.0
is 34 inch waist mana medium	0	0	0	0	19	-19	0.0	0.0		10.0
is 36 inch hips big for a woman	0	0	0	12	2	10	0.0	0.0	7.333333333333333	4.0
is 36 inch waist fat for a man	0	0	0	7	10	-3	0.0	0.0	9.714285714285714	6.5
is 38 inch hips big for a woman	0	0	0	0	12	-12	0.0	0.0		3.0
is 38 inch waist fat for a man	0	0	0	3	12	-9	0.0	0.0	4.666666666666666	7.666666666666667
is 40 cm shoulder broad for a woman	0	0	0	0	15	-15	0.0	0.0		7.6
is 40 inch hips big for a woman	0	0	0	1	16	-15	0.0	0.0	3.0	7.4375
is 41 inch hips big for a woman	0	0	0	4	22	-18	0.0	0.0	9.5	5.2272727272727275
is a 15 inch bicep big	0	0	0	10	1	9	0.0	0.0	8.8	11.0
is a 15 inch bicep good	0	0	0	15	2	13	0.0	0.0	11.533333333333333	4.0
is a 29 inch waist small for a man	0	0	0	10	3	7	0.0	0.0	5.6	6.666666666666667
is a 30 inch waist big for a woman	0	0	0	10	3	7	0.0	0.0	6.5	10.333333333333334
is a 30 waist small for a woman	0	0	0	16	3	13	0.0	0.0	10.1875	10.666666666666666
is a 31 inch waist big for a woman	0	0	0	10	2	8	0.0	0.0	11.0	10.5
is a 31 inch waist small for a man	0	0	0	1	11	-10	0.0	0.0	6.0	7.181818181818182
is a 33 inch waist big for a woman	0	0	0	13	1	12	0.0	0.0	9.307692307692308	1.0
is a 34 inch waist big for a man	0	0	0	6	11	-5	0.0	0.0	3.3333333333333335	5.454545454545454
is a 34 inch waist big for a woman	0	0	0	26	8	18	0.0	0.0	5.923076923076923	14.0
is a 36 inch waist big for a man	0	0	0	7	27	-20	0.0	0.0	3.142857142857143	4.703703703703704
is a 38 inch waist big for a man	0	0	0	1	11	-10	0.0	0.0	4.0	5.545454545454546
is a 40 inch waist big for a man	0	0	0	2	11	-9	0.0	0.0	4.0	8.181818181818182
is a 48 inch chest big for a man	0	0	0	11	2	9	0.0	0.0	8.90909090909091	10.0
is a dad bod fat	0	0	0	0	12	-12	0.0	0.0		9.416666666666666
is macrofactor free	0	0	0	19	0	19	0.0	0.0	20.157894736842106	
is rate my physique free	3	0	3	25	3	22	0.12	0.0	4.88	11.0
is the thelo app free	0	0	0	11	0	11	0.0	0.0	4.454545454545455	
is there an app that can scan my body for clothing sizes yet	0	0	0	34	0	34	0.0	0.0	6.323529411764706	
jawline at different body fat	2	0	2	20	9	11	0.1	0.0	4.3	11.777777777777779
jawline at different body fat percentages	0	1	-1	16	8	8	0.0	0.125	4.1875	5.875
jefit vs hevy	3	0	3	40	14	26	0.075	0.0	7.225	9.214285714285714
lat width	0	0	0	20	0	20	0.0	0.0	8.2	
lean lens	0	0	0	1	11	-10	0.0	0.0	4.0	4.636363636363637
lean lens ai	0	0	0	0	11	-11	0.0	0.0		5.181818181818182
lean mass	0	0	0	10	11	-1	0.0	0.0	69.2	79.72727272727273
lean muscle mass	0	0	0	7	13	-6	0.0	0.0	66.57142857142857	68.84615384615384
leanlens	1	1	0	283	161	122	0.0035335689045936395	0.006211180124223602	5.5265017667844525	5.6397515527950315
leanlens ai	0	0	0	25	46	-21	0.0	0.0	5.4	5.565217391304348
leanlens ai body analysis app	0	0	0	12	19	-7	0.0	0.0	7.166666666666667	6.578947368421052
leanlioness competitors	0	0	0	0	26	-26	0.0	0.0		9.153846153846153
leg to torso ratio	0	0	0	11	1	10	0.0	0.0	10.545454545454545	11.0
levels of body fat with pictures	0	0	0	13	5	8	0.0	0.0	59.61538461538461	47.4
long torso	0	0	0	17	0	17	0.0	0.0	9.882352941176471	
long torso meaning	0	0	0	32	0	32	0.0	0.0	10.34375	
long torso means	0	0	0	21	3	18	0.0	0.0	9.761904761904763	9.666666666666666
long torso vs long legs	0	0	0	15	1	14	0.0	0.0	9.266666666666667	8.0
long torso vs short torso	0	0	0	10	0	10	0.0	0.0	21.8	
look fat	0	0	0	11	0	11	0.0	0.0	6.181818181818182	
losing inches but not weight	0	0	0	0	12	-12	0.0	0.0		14.25
macrofactor	0	0	0	21	1	20	0.0	0.0	17.857142857142858	20.0
macrofactor review	0	0	0	10	0	10	0.0	0.0	26.8	
male 18 body fat	0	0	0	12	0	12	0.0	0.0	24.25	
male average waist size	0	0	0	1	10	-9	0.0	0.0	13.0	9.7
male body fat percentage	0	0	0	0	27	-27	0.0	0.0		44.111111111111114
male body fat percentage chart	0	0	0	16	24	-8	0.0	0.0	22.25	32.95833333333333
male body fat percentage pictures	0	0	0	47	26	21	0.0	0.0	15.191489361702128	13.0
male body fat percentage visual guide	1	0	1	26	16	10	0.038461538461538464	0.0	11.307692307692308	9.3125
male body fat pictures	0	0	0	10	4	6	0.0	0.0	13.6	22.0
male body fat visualizer	0	2	-2	22	11	11	0.0	0.18181818181818182	4.954545454545455	4.818181818181818
male body measurements	1	0	1	41	8	33	0.024390243902439025	0.0	7.902439024390244	11.5
male body measurements chart	1	0	1	35	1	34	0.02857142857142857	0.0	8.17142857142857	13.0
male body proportion	0	0	0	11	0	11	0.0	0.0	8.0	
male body proportions	1	0	1	113	59	54	0.008849557522123894	0.0	7.31858407079646	9.288135593220339
male body ratio	0	0	0	10	1	9	0.0	0.0	9.3	46.0
male body size	0	0	0	14	4	10	0.0	0.0	7.428571428571429	6.75
male body sizes	0	0	0	17	8	9	0.0	0.0	6.0588235294117645	9.25
male body visualizer	0	0	0	24	0	24	0.0	0.0	31.416666666666668	
male chest to waist ratio	0	0	0	10	1	9	0.0	0.0	5.1	1.0
male measurements	0	0	0	18	3	15	0.0	0.0	10.277777777777779	23.333333333333332
male proportions	0	0	0	53	2	51	0.0	0.0	8.358490566037736	17.5
male shoulder to hip ratio	0	0	0	15	0	15	0.0	0.0	8.333333333333332	
male shoulder to waist ratio	0	0	0	11	0	11	0.0	0.0	7.2727272727272725	
man body measurements	1	0	1	17	1	16	0.058823529411764705	0.0	6.352941176470588	19.0
man body size	0	1	-1	13	9	4	0.0	0.1111111111111111	7.615384615384615	10.11111111111111
man waist	0	0	0	5	10	-5	0.0	0.0	7.4	9.8
max ffmi for natural	0	0	0	11	0	11	0.0	0.0	10.090909090909092	
max natty physique	0	0	0	14	0	14	0.0	0.0	6.428571428571429	
measure shoulder to waist ratio	0	0	0	10	0	10	0.0	0.0	6.2	
medidas ideales hombre	0	0	0	17	1	16	0.0	0.0	10.705882352941176	43.0
melhores aplicativos e ferramentas de rastreamento de fitness com ia	0	0	0	18	16	2	0.0	0.0	35.77777777777778	32.8125
men average chest size	0	0	0	11	1	10	0.0	0.0	6.363636363636363	6.0
men body fat percentage	0	0	0	0	27	-27	0.0	0.0		45.629629629629626
men body fat percentage chart	0	0	0	5	11	-6	0.0	0.0	24.6	31.90909090909091
men body fat percentage pictures	0	0	0	65	29	36	0.0	0.0	8.861538461538462	11.413793103448276
men body measurements	2	0	2	49	4	45	0.04081632653061224	0.0	5.8979591836734695	9.5
men body size	0	0	0	19	4	15	0.0	0.0	7.684210526315789	7.75
men body sizes	0	0	0	16	7	9	0.0	0.0	7.625	8.142857142857142
men chest to waist ratio	0	0	0	19	5	14	0.0	0.0	4.7368421052631575	6.6
men fat percentage images	0	1	-1	11	7	4	0.0	0.14285714285714285	8.181818181818182	8.0
men measurements	0	0	0	18	0	18	0.0	0.0	8.5	
men proportions	0	0	0	18	8	10	0.0	0.0	6.055555555555555	7.75
men shoulder to waist ratio	0	0	0	18	0	18	0.0	0.0	8.5	
men waist	0	0	0	7	11	-4	0.0	0.0	8.142857142857142	10.272727272727273
men's body fat percentage pictures	0	0	0	9	10	-1	0.0	0.0	11.11111111111111	20.8
mens body chart	0	0	0	19	0	19	0.0	0.0	8.0	
mens waist	0	0	0	3	10	-7	0.0	0.0	18.666666666666668	27.4
methreesixty	0	0	0	10	1	9	0.0	0.0	3.6	4.0
methreesixty app	0	0	0	12	3	9	0.0	0.0	2.083333333333333	2.0
methreesixty vs zozofit	1	1	0	13	9	4	0.07692307692307693	0.1111111111111111	5.076923076923077	5.888888888888889
morphoscan vs hume body pod reviews	0	0	0	20	0	20	0.0	0.0	18.2	
most aesthetic body fat percentage men	1	0	1	11	9	2	0.09090909090909091	0.0	10.727272727272727	14.444444444444445
muscle mass	0	0	0	13	31	-18	0.0	0.0	53.23076923076923	59.61290322580645
muscle mass percentage	0	0	0	17	6	11	0.0	0.0	37.294117647058826	39.0
muscle percentage	0	0	0	10	7	3	0.0	0.0	34.7	37.714285714285715
muscle proportions	0	0	0	14	3	11	0.0	0.0	9.0	7.0
my abs only show when i flex	0	0	0	10	1	9	0.0	0.0	4.9	5.0
myfitnesspal progress photos feature official	0	0	0	81	15	66	0.0	0.0	8.098765432098766	9.733333333333333
myfitnesspal progress photos official feature	0	0	0	10	0	10	0.0	0.0	7.3	
natty limit	3	0	3	62	0	62	0.04838709677419355	0.0	3.8548387096774195	
natty weight	0	0	0	12	0	12	0.0	0.0	9.5	
natural limit	1	0	1	33	0	33	0.030303030303030304	0.0	6.606060606060606	
neck size	0	0	0	0	12	-12	0.0	0.0		7.916666666666667
newbie gains	0	0	0	4	18	-14	0.0	0.0	4.75	13.944444444444445
no tracking photo app	0	0	0	35	47	-12	0.0	0.0	7.114285714285714	7.0638297872340425
normal bicep size	0	0	0	11	6	5	0.0	0.0	8.181818181818182	5.833333333333333
normal bicep size for men	0	0	0	12	1	11	0.0	0.0	8.583333333333332	9.0
normal biceps size	0	0	0	31	4	27	0.0	0.0	9.193548387096774	10.25
normal biceps size for men	0	0	0	11	4	7	0.0	0.0	7.2727272727272725	5.75
normal chest circumference of adult male	0	0	0	10	3	7	0.0	0.0	5.5	6.0
normal chest measurement male	0	0	0	12	4	8	0.0	0.0	8.583333333333332	5.5
normal chest men	0	0	0	10	1	9	0.0	0.0	8.0	6.0
normal chest size	0	0	0	25	36	-11	0.0	0.0	8.32	8.777777777777779
normal chest size for male	0	0	0	29	10	19	0.0	0.0	7.413793103448276	5.1
normal chest size in inch male	0	0	0	10	5	5	0.0	0.0	6.5	6.0
normal forearm size	0	0	0	3	12	-9	0.0	0.0	5.0	5.666666666666667
normal hip size	0	0	0	0	18	-18	0.0	0.0		5.777777777777778
normal hip size for female	0	2	-2	40	314	-274	0.0	0.006369426751592357	7.3	6.525477707006369
normal hip size for female in inches	0	1	-1	0	10	-10	0.0	0.1		4.0
normal range and classification standards for female body fat percentage -filetype:txt -filetype:pdf -filetype:epub -filetype:doc -filetype:docx -filetype:xls -filetype:xlsx -filetype:ppt -filetype:csv -site:youtube.com -site:tiktok.com -site:instagram.com -site:ebay.com -site:jd.com -site:amazon.com -site:iqiyi.com -site:bilibili.com -site:t.me -site:douyin.com -site:douban.com -site:apple.com -site:reddit.com -site:researchgate.net -site:academia.edu -site:dokumen.pub -site:en.wikipedia.org -site:quora.com -site:sciencedirect.com -site:cambridge.org -site:mdpi.com -site:link.springer.com -site:zhuanlan.zhihu.com -site:journals.sagepub.com -site:imdb.com -site:tandfonline.com -site:onlinelibrary.wiley.com -site:brill.com -site:getyourguide.com -site:academic.oup.com -site:www.emerald.com -site:eresources.nlb.gov.sg -site:www.govinfo.gov	0	0	0	0	13	-13	0.0	0.0		24.307692307692307
normal skeletal muscle percentage	0	0	0	15	7	8	0.0	0.0	32.266666666666666	29.571428571428573
normal waist size	0	0	0	14	4	10	0.0	0.0	20.642857142857142	34.5
normal waist size for female	0	0	0	18	6	12	0.0	0.0	33.388888888888886	16.166666666666664
normal waist size for female in cm	0	0	0	13	2	11	0.0	0.0	21.384615384615383	33.5
normal waist size for female in inches	1	1	0	16	6	10	0.0625	0.16666666666666666	13.375	10.333333333333334
normal waist size for male	0	0	0	15	31	-16	0.0	0.0	10.466666666666667	5.129032258064516
optimal body fat for male facial definition	0	0	0	40	0	40	0.0	0.0	6.575	
optimal shoulder to waist ratio	0	0	0	12	0	12	0.0	0.0	8.0	
optimal shoulder to waist ratio men	0	0	0	11	0	11	0.0	0.0	7.545454545454546	
perfect body measurements	0	0	0	48	0	48	0.0	0.0	12.541666666666666	
perfect body measurements for 5 10 male	0	0	0	18	12	6	0.0	0.0	10.11111111111111	11.166666666666666
perfect body measurements for 5 2 female	0	0	0	21	5	16	0.0	0.0	9.142857142857142	14.0
perfect body measurements for 5 7 male	0	0	0	12	5	7	0.0	0.0	10.583333333333334	12.4
perfect body measurements for 5 9 male	0	0	0	11	2	9	0.0	0.0	9.909090909090908	10.5
perfect body measurements for female	1	0	1	16	4	12	0.0625	0.0	8.625	10.75
perfect body measurements for women	0	0	0	36	5	31	0.0	0.0	13.222222222222221	12.4
perfect body proportions male	1	0	1	16	3	13	0.0625	0.0	8.8125	11.333333333333334
perfect body ratio	0	0	0	16	5	11	0.0	0.0	9.125	16.2
perfect body ratio for female	0	0	0	18	4	14	0.0	0.0	8.61111111111111	18.75
perfect body ratio for male	0	0	0	26	3	23	0.0	0.0	6.615384615384615	11.333333333333334
perfect body shape for female in inches	0	0	0	12	1	11	0.0	0.0	4.166666666666666	6.0
perfect body shape size for ladies	0	0	0	12	3	9	0.0	0.0	20.0	14.666666666666666
perfect body size	0	0	0	12	1	11	0.0	0.0	13.916666666666666	24.0
perfect body size for male	1	1	0	10	6	4	0.1	0.16666666666666666	5.2	6.5
perfect chest size for male	0	0	0	22	2	20	0.0	0.0	7.590909090909091	18.5
perfect figure size for 5 4 woman	0	0	0	43	1	42	0.0	0.0	8.279069767441861	10.0
perfect figure size for 5 woman	1	0	1	35	7	28	0.02857142857142857	0.0	9.857142857142858	10.428571428571429
perfect male body measurements	1	0	1	14	10	4	0.07142857142857142	0.0	7.5	15.3
perfect male body proportions	0	0	0	11	1	10	0.0	0.0	8.636363636363637	20.0
perfect male body size	0	0	0	124	8	116	0.0	0.0	7.0	15.0
perfect male proportions	0	0	0	13	1	12	0.0	0.0	8.153846153846153	36.0
perfect measurements for a woman	0	0	0	41	8	33	0.0	0.0	12.487804878048781	21.0
perfect shoulder to waist ratio	1	0	1	16	0	16	0.0625	0.0	6.8125	
perfect shoulder to waist ratio men	0	0	0	11	0	11	0.0	0.0	9.272727272727273	
perfect size for men	0	0	0	37	13	24	0.0	0.0	7.648648648648648	8.23076923076923
perfect vital statistics for women	0	0	0	16	19	-3	0.0	0.0	8.0625	8.368421052631579
perfect vital statistics of a woman	0	0	0	24	3	21	0.0	0.0	8.708333333333332	25.333333333333332
perfect woman body size	0	0	0	14	2	12	0.0	0.0	16.5	55.0
personal ai trainer	0	0	0	29	21	8	0.0	0.0	11.241379310344827	30.38095238095238
personal trainer ai	0	0	0	55	11	44	0.0	0.0	10.290909090909091	13.363636363636363
personal trainer ai app	0	1	-1	14	22	-8	0.0	0.045454545454545456	5.857142857142857	7.2272727272727275
personal trainers ai search	0	0	0	8	15	-7	0.0	0.0	8.625	14.0
photo body fat calculator	0	0	0	8	15	-7	0.0	0.0	4.5	9.133333333333333
photo body fat estimate accuracy study	0	0	0	10	3	7	0.0	0.0	7.1	9.333333333333334
photo body fat estimator	2	1	1	10	13	-3	0.2	0.07692307692307693	4.7	7.461538461538462
photo progress app	1	1	0	19	23	-4	0.05263157894736842	0.043478260869565216	5.2631578947368425	5.956521739130435
photo tracking app	1	0	1	10	11	-1	0.1	0.0	5.9	5.818181818181818
physic rater	2	0	2	10	4	6	0.2	0.0	4.8	6.0
physique ai	1	0	1	24	2	22	0.041666666666666664	0.0	6.083333333333333	2.5
physique ai rater	3	0	3	12	10	2	0.25	0.0	4.333333333333334	5.8
physique check	0	0	0	51	1	50	0.0	0.0	8.823529411764707	30.0
physique check ai	4	0	4	30	5	25	0.13333333333333333	0.0	4.766666666666667	7.0
physique rate	1	0	1	15	1	14	0.06666666666666667	0.0	7.533333333333333	9.0
physique rate ai	2	0	2	32	5	27	0.0625	0.0	3.15625	5.8
physique rater	105	6	99	529	283	246	0.19848771266540643	0.02120141342756184	4.032136105860113	7.530035335689046
physique rater ai	15	0	15	80	9	71	0.1875	0.0	3.7625	9.0
physique rater free	9	0	9	23	0	23	0.391304347826087	0.0	2.3043478260869565	
physique rating	6	8	-2	128	145	-17	0.046875	0.05517241379310345	9.3984375	9.248275862068965
physique rating ai	30	8	22	131	73	58	0.22900763358778625	0.1095890410958904	3.7557251908396947	5.3561643835616435
physique rating app	0	1	-1	11	15	-4	0.0	0.06666666666666667	4.545454545454545	5.133333333333334
picture of body composition	0	0	0	10	0	10	0.0	0.0	7.9	
progress photo app	2	2	0	55	56	-1	0.03636363636363636	0.03571428571428571	4.254545454545454	4.625
progress photo app free	3	2	1	19	19	0	0.15789473684210525	0.10526315789473684	2.105263157894737	2.3684210526315788
progress photos app	2	3	-1	14	22	-8	0.14285714285714285	0.13636363636363635	3.4285714285714284	5.590909090909091
progress pic app	1	0	1	17	19	-2	0.058823529411764705	0.0	4.470588235294118	5.157894736842105
progress pics app	2	0	2	9	25	-16	0.2222222222222222	0.0	4.333333333333334	4.84
progress picture app	1	2	-1	20	27	-7	0.05	0.07407407407407407	4.3	4.814814814814815
progress pictures app	0	0	0	4	10	-6	0.0	0.0	3.75	6.4
rate body	1	0	1	27	2	25	0.037037037037037035	0.0	11.037037037037036	44.5
rate body ai	3	0	3	17	0	17	0.17647058823529413	0.0	7.764705882352941	
rate my body	17	0	17	388	66	322	0.04381443298969072	0.0	7.84020618556701	11.393939393939394
rate my body ai	26	1	25	93	17	76	0.27956989247311825	0.058823529411764705	3.4731182795698925	9.647058823529411
rate my body ai free	4	0	4	13	0	13	0.3076923076923077	0.0	2.5384615384615383	
rate my body female	1	0	1	26	0	26	0.038461538461538464	0.0	7.846153846153846	
rate my body free	5	0	5	17	1	16	0.29411764705882354	0.0	2.4705882352941178	11.0
rate my physique	4	0	4	142	3	139	0.028169014084507043	0.0	9.394366197183098	21.666666666666668
rate my physique ai	33	2	31	111	58	53	0.2972972972972973	0.034482758620689655	6.297297297297297	8.827586206896552
rate my physique ai free	2	0	2	11	15	-4	0.18181818181818182	0.0	3.1818181818181817	8.266666666666666
rate my physique free	28	0	28	71	6	65	0.39436619718309857	0.0	3.140845070422535	9.166666666666666
rate physique	1	0	1	18	1	17	0.05555555555555555	0.0	9.0	8.0
rate physique ai	5	0	5	27	15	12	0.18518518518518517	0.0	3.8518518518518516	6.0
rate this physique	0	0	0	20	0	20	0.0	0.0	5.25	
rating body	0	0	0	14	1	13	0.0	0.0	9.928571428571429	8.0
ray ai personal trainer	2	1	1	35	26	9	0.05714285714285714	0.038461538461538464	9.742857142857142	8.038461538461538
ray ai personal trainer app review	0	0	0	3	11	-8	0.0	0.0	6.333333333333333	7.909090909090909
ray app	1	0	1	28	1	27	0.03571428571428571	0.0	9.25	11.0
ray fit	0	0	0	19	9	10	0.0	0.0	8.578947368421051	13.333333333333334
ray fitness	0	0	0	63	35	28	0.0	0.0	9.333333333333334	7.0
ray fitness app	0	0	0	63	32	31	0.0	0.0	8.984126984126984	8.0
ray fitness app reviews	0	0	0	13	14	-1	0.0	0.0	3.0	6.214285714285714
ray workout	0	0	0	13	1	12	0.0	0.0	8.307692307692307	10.0
ray workout app	0	0	0	17	1	16	0.0	0.0	9.470588235294118	10.0
recomp ai	1	2	-1	18	42	-24	0.05555555555555555	0.047619047619047616	5.055555555555555	5.0
recomp app	0	0	0	13	5	8	0.0	0.0	8.461538461538462	9.0
relationship between female body fat percentage and visible abs -filetype:txt -filetype:pdf -filetype:epub -filetype:doc -filetype:docx -filetype:xls -filetype:xlsx -filetype:ppt -filetype:csv -site:youtube.com -site:tiktok.com -site:instagram.com -site:ebay.com -site:jd.com -site:amazon.com -site:iqiyi.com -site:bilibili.com -site:t.me -site:douyin.com -site:douban.com -site:apple.com -site:reddit.com -site:researchgate.net -site:academia.edu -site:dokumen.pub -site:en.wikipedia.org -site:quora.com -site:sciencedirect.com -site:cambridge.org -site:mdpi.com -site:link.springer.com -site:zhuanlan.zhihu.com -site:journals.sagepub.com -site:imdb.com -site:tandfonline.com -site:onlinelibrary.wiley.com -site:brill.com -site:getyourguide.com -site:academic.oup.com -site:www.emerald.com -site:eresources.nlb.gov.sg -site:www.govinfo.gov	0	0	0	0	18	-18	0.0	0.0		21.77777777777778
relaxed abs	0	0	0	17	1	16	0.0	0.0	7.176470588235294	9.0
renpho body composition scale review	0	0	0	12	2	10	0.0	0.0	10.833333333333334	9.5
renpho body fat scale review	0	0	0	39	0	39	0.0	0.0	17.487179487179485	
renpho measurements	0	0	0	24	3	21	0.0	0.0	25.125	18.333333333333332
renpho scale accuracy	0	0	0	22	4	18	0.0	0.0	18.863636363636363	17.25
renpho scale comparison	0	0	0	27	1	26	0.0	0.0	34.03703703703704	32.0
renpho scale review	0	0	0	50	3	47	0.0	0.0	17.5	19.0
renpho scale reviews	0	0	0	43	2	41	0.0	0.0	16.27906976744186	28.0
renpho smart body fat scale review	0	0	0	10	0	10	0.0	0.0	18.0	
scan your body app	0	0	0	11	11	0	0.0	0.0	7.2727272727272725	8.09090909090909
short or long torso	0	0	0	15	1	14	0.0	0.0	10.466666666666667	11.0
short vs long torso	0	0	0	10	2	8	0.0	0.0	13.5	34.0
shoulder and waist ratio	0	0	0	13	0	13	0.0	0.0	9.923076923076923	
shoulder circumference	0	0	0	168	23	145	0.0	0.0	9.56547619047619	10.391304347826088
shoulder circumference measurement	0	0	0	24	0	24	0.0	0.0	9.833333333333334	
shoulder hip ratio	0	0	0	29	0	29	0.0	0.0	9.931034482758621	
shoulder to hip ratio	0	0	0	59	0	59	0.0	0.0	10.288135593220339	
shoulder to hip ratio female	1	0	1	12	0	12	0.08333333333333333	0.0	9.0	
shoulder to hip ratio women	0	0	0	10	0	10	0.0	0.0	8.4	
shoulder to waist	0	0	0	15	0	15	0.0	0.0	8.266666666666666	
shoulder to waist measurement	0	0	0	35	1	34	0.0	0.0	11.428571428571429	18.0
shoulder to waist ratio	5	0	5	1111	0	1111	0.004500450045004501	0.0	8.663366336633663	
shoulder to waist ratio 1.6	0	0	0	15	0	15	0.0	0.0	8.0	
shoulder to waist ratio female	0	0	0	17	0	17	0.0	0.0	6.882352941176471	
shoulder to waist ratio for v taper	0	0	0	17	0	17	0.0	0.0	6.588235294117647	
shoulder to waist ratio how to measure	1	0	1	15	0	15	0.06666666666666667	0.0	6.2	
shoulder to waist ratio male attractiveness 1.6 study	0	0	0	10	0	10	0.0	0.0	10.1	
shoulder to waist ratio men	0	0	0	70	0	70	0.0	0.0	8.7	
shoulder waist hip ratio	0	0	0	13	0	13	0.0	0.0	9.076923076923077	
shoulder waist ratio	0	0	0	111	0	111	0.0	0.0	8.846846846846848	
shoulder waist ratio men	1	0	1	45	0	45	0.022222222222222223	0.0	7.822222222222222	
shoulder width	0	0	0	4	55	-51	0.0	0.0	25.0	11.927272727272728
shoulder width to waist ratio	0	0	0	23	0	23	0.0	0.0	8.26086956521739	
shoulder-to-waist ratio	0	0	0	39	0	39	0.0	0.0	8.435897435897436	
shoulders to waist ratio	0	0	0	44	0	44	0.0	0.0	8.863636363636363	
site:gainframe.app	0	0	0	35	0	35	0.0	0.0	27.285714285714285	
size 16 in inches waist	0	0	0	18	25	-7	0.0	0.0	21.22222222222222	23.16
size 16 waist in inches	0	0	0	1	13	-12	0.0	0.0	88.0	34.92307692307692
skeletal muscle mass	0	0	0	32	15	17	0.0	0.0	42.1875	40.2
skinny arms	0	0	0	1	21	-20	0.0	0.0	8.0	17.523809523809526
skinny fat body recomp	2	0	2	28	18	10	0.07142857142857142	0.0	8.642857142857142	11.0
skinny fat body recomposition	1	1	0	40	25	15	0.025	0.04	8.25	10.16
skinny fat female	0	0	0	0	14	-14	0.0	0.0		7.571428571428571
skinny fat recomp	0	0	0	47	30	17	0.0	0.0	9.595744680851064	9.666666666666666
skinny fat to muscular	0	0	0	21	16	5	0.0	0.0	8.095238095238095	10.5
skinny fat to ripped	0	0	0	10	3	7	0.0	0.0	8.6	7.666666666666667
skinny fat woman	0	0	0	3	86	-83	0.0	0.0	6.333333333333333	7.767441860465116
skinny fat women	0	0	0	2	28	-26	0.0	0.0	5.0	8.607142857142858
small frame body	0	0	0	0	45	-45	0.0	0.0		8.066666666666666
small frame bodybuilding	0	0	0	0	14	-14	0.0	0.0		23.142857142857142
spren	0	0	0	42	52	-10	0.0	0.0	9.357142857142858	8.153846153846153
spren ai	0	0	0	8	13	-5	0.0	0.0	5.125	4.615384615384615
spren app	2	0	2	67	90	-23	0.029850746268656716	0.0	5.313432835820896	5.766666666666667
spren body composition	0	0	0	4	11	-7	0.0	0.0	7.25	6.090909090909091
spren body fat	1	0	1	9	13	-4	0.1111111111111111	0.0	7.0	5.153846153846154
spren vs	0	0	0	0	10	-10	0.0	0.0		3.5
standard body measurements for male	0	0	0	15	2	13	0.0	0.0	8.333333333333332	9.5
study visual estimation body fat percentage from photographs accuracy	0	0	0	12	24	-12	0.0	0.0	8.25	5.625
study visual estimation body fat percentage photographs accuracy	0	0	0	15	19	-4	0.0	0.0	8.266666666666666	8.105263157894736
the body pod	0	0	0	6	14	-8	0.0	0.0	23.5	23.5
the body pod reviews	0	0	0	27	6	21	0.0	0.0	22.666666666666668	26.666666666666668
thelo app	1	0	1	127	0	127	0.007874015748031496	0.0	7.417322834645669	
thelo app cost	0	0	0	40	26	14	0.0	0.0	4.525	4.730769230769231
thelo app review	0	0	0	17	8	9	0.0	0.0	4.294117647058823	4.875
thelo app reviews	1	1	0	50	35	15	0.02	0.02857142857142857	5.48	5.771428571428571
thigh length	0	0	0	30	30	0	0.0	0.0	6.433333333333334	5.7
thigh measurement	0	0	0	39	14	25	0.0	0.0	12.0	9.428571428571429
thigh measurement women	0	0	0	4	15	-11	0.0	0.0	9.0	7.133333333333334
thigh size	0	0	0	31	40	-9	0.0	0.0	7.451612903225806	6.3
thigh size chart	1	0	1	20	35	-15	0.05	0.0	7.25	7.171428571428572
thigh size chart female	0	0	0	11	9	2	0.0	0.0	7.818181818181818	11.11111111111111
thigh vs calf	0	0	0	13	0	13	0.0	0.0	9.461538461538462	
thighs size chart	0	0	0	12	3	9	0.0	0.0	6.666666666666667	9.333333333333334
toned arms meaning	0	0	0	1	10	-9	0.0	0.0	11.0	7.7
torso to leg ratio	0	0	0	28	1	27	0.0	0.0	11.464285714285714	10.0
torso to leg ratio male	0	0	0	24	0	24	0.0	0.0	11.541666666666666	
trackbod	0	0	0	24	37	-13	0.0	0.0	7.625	7.918918918918919
transformation app	0	1	-1	38	65	-27	0.0	0.015384615384615385	4.868421052631579	6.384615384615385
transformation tracker	0	0	0	10	4	6	0.0	0.0	8.5	5.75
ultimate performance body fat percentage	0	1	-1	8	13	-5	0.0	0.07692307692307693	7.125	6.538461538461538
v taper body ratio	0	0	0	19	2	17	0.0	0.0	8.157894736842106	7.5
v taper golden ratio	0	0	0	13	5	8	0.0	0.0	6.6923076923076925	8.0
v taper measurements	0	0	0	17	0	17	0.0	0.0	8.529411764705882	
v taper ratio	0	0	0	63	2	61	0.0	0.0	8.095238095238095	10.0
v taper shoulder to waist ratio	0	0	0	11	0	11	0.0	0.0	8.363636363636363	
virtual body measurement app	0	0	0	10	5	5	0.0	0.0	11.0	13.6
visceral fat analyzer	0	0	0	14	4	10	0.0	0.0	33.142857142857146	36.75
visceral fat dexa scan	0	0	0	19	6	13	0.0	0.0	88.73684210526316	66.0
visceral fat index	0	0	0	13	5	8	0.0	0.0	65.76923076923077	59.4
visceral fat level chart	0	0	0	8	10	-2	0.0	0.0	35.625	41.0
visceral fat rating	0	0	0	23	8	15	0.0	0.0	39.73913043478261	43.125
visceral fat scale	0	0	0	22	13	9	0.0	0.0	37.59090909090909	35.15384615384615
visceral fat scan	0	0	0	23	8	15	0.0	0.0	54.08695652173913	51.0
visual body fat estimate from photo unreliable source	0	0	0	6	10	-4	0.0	0.0	11.0	10.2
visual body fat estimate from photos accuracy study	0	0	0	5	12	-7	0.0	0.0	7.6	7.083333333333333
visual body fat estimate from photos unreliable source	0	0	0	12	13	-1	0.0	0.0	10.083333333333334	8.307692307692307
visual body fat estimation from photographs accuracy study	0	0	0	2	12	-10	0.0	0.0	6.0	7.416666666666667
visual body fat percentage	0	0	0	18	7	11	0.0	0.0	34.27777777777778	27.428571428571427
visual body fat percentage male	0	0	0	13	6	7	0.0	0.0	16.307692307692307	11.333333333333334
visual estimation body fat percentage accuracy photographs study	0	0	0	29	27	2	0.0	0.0	5.344827586206897	2.851851851851852
visual estimation body fat percentage from photographs accuracy study	0	0	0	33	36	-3	0.0	0.0	7.333333333333333	4.944444444444445
visual estimation body fat percentage from photos accuracy study	0	0	0	12	0	12	0.0	0.0	8.333333333333332	
visual estimation body fat percentage photographs accuracy study	0	0	0	49	57	-8	0.0	0.0	8.0	6.508771929824562
volume of 10 lbs of fat	0	0	0	0	10	-10	0.0	0.0		4.1
waist 35 is what size women's	0	0	0	13	17	-4	0.0	0.0	3.4615384615384617	4.764705882352941
waist 39 inches	0	0	0	26	4	22	0.0	0.0	9.807692307692308	9.5
waist and chest	0	0	0	11	1	10	0.0	0.0	5.909090909090909	8.0
waist and height	0	0	0	29	0	29	0.0	0.0	45.310344827586206	
waist chest	0	0	0	12	3	9	0.0	0.0	2.833333333333333	1.0
waist chest ratio	1	0	1	29	8	21	0.034482758620689655	0.0	6.586206896551724	5.75
waist circumference women	0	0	0	17	7	10	0.0	0.0	65.88235294117646	77.42857142857143
waist height ratio	0	0	0	17	0	17	0.0	0.0	61.64705882352941	
waist measurement women	0	0	0	24	13	11	0.0	0.0	69.16666666666667	67.23076923076923
waist men	0	0	0	14	19	-5	0.0	0.0	8.142857142857142	11.578947368421053
waist shoulder ratio	0	0	0	29	0	29	0.0	0.0	8.379310344827587	
waist size	0	0	0	48	12	36	0.0	0.0	53.083333333333336	54.083333333333336
waist size 16	0	0	0	12	2	10	0.0	0.0	25.75	22.5
waist size for men	0	0	0	26	43	-17	0.0	0.0	8.615384615384615	12.116279069767442
waist size for women	0	0	0	13	11	2	0.0	0.0	50.69230769230769	46.63636363636363
waist size in inches	0	0	0	12	0	12	0.0	0.0	15.75	
waist sizes for women	0	0	0	7	14	-7	0.0	0.0	27.142857142857142	24.071428571428573
waist to chest ratio	2	1	1	100	24	76	0.02	0.041666666666666664	3.92	6.416666666666667
waist to chest ratio male	1	0	1	68	17	51	0.014705882352941176	0.0	6.25	9.529411764705882
waist to chest ratio men	0	0	0	20	2	18	0.0	0.0	10.95	33.5
waist to height	0	0	0	21	0	21	0.0	0.0	55.95238095238095	
waist to height ratio	0	0	0	50	2	48	0.0	0.0	54.06	42.5
waist to height ratio chart	0	0	0	46	7	39	0.0	0.0	12.76086956521739	11.428571428571429
waist to shoulder	0	0	0	14	0	14	0.0	0.0	10.142857142857142	
waist to shoulder ratio	0	0	0	186	0	186	0.0	0.0	9.188172043010752	
waist to shoulder ratio men	0	0	0	39	0	39	0.0	0.0	9.794871794871796	
waist to stature ratio	0	0	0	24	0	24	0.0	0.0	38.958333333333336	
waist women	0	0	0	11	2	9	0.0	0.0	35.54545454545455	22.5
waist-to-chest ratio	0	0	0	10	1	9	0.0	0.0	8.4	3.0
waist-to-height ratio	0	0	0	21	0	21	0.0	0.0	55.0	
waist-to-height ratio chart	1	0	1	25	3	22	0.04	0.0	15.8	14.0
weight and height visualizer	0	0	0	15	0	15	0.0	0.0	15.733333333333333	
weight loss photo app	1	0	1	14	5	9	0.07142857142857142	0.0	5.285714285714286	10.2
weight loss picture apps	0	0	0	20	26	-6	0.0	0.0	19.15	25.692307692307693
what apps are best for subtle body reshaping?,	0	0	0	20	3	17	0.0	0.0	9.05	2.0
what are the average measurements for a woman	0	0	0	11	5	6	0.0	0.0	13.545454545454545	13.0
what body fat does jawline show	0	0	0	10	0	10	0.0	0.0	2.6	
what body fat percentage to see jawline	0	0	0	10	12	-2	0.0	0.0	2.8	11.666666666666666
what different body fat percentages look like	0	0	0	9	13	-4	0.0	0.0	23.22222222222222	21.615384615384617
what do different body fat percentages look like	1	0	1	5	15	-10	0.2	0.0	20.6	23.066666666666666
what does 10 body fat look like	0	0	0	26	19	7	0.0	0.0	10.846153846153847	15.578947368421053
what does 10 percent body fat look like	0	0	0	17	13	4	0.0	0.0	12.058823529411764	14.923076923076923
what does 10 pounds of muscle look like	0	0	0	0	20	-20	0.0	0.0		9.3
what does 13 body fat look like	0	0	0	14	8	6	0.0	0.0	9.714285714285714	10.0
what does 14 body fat look like on a man	0	0	0	6	14	-8	0.0	0.0	8.0	10.214285714285714
what does 15 body fat look like on a male	0	0	0	33	3	30	0.0	0.0	9.93939393939394	9.666666666666666
what does 15 percent body fat look like	0	0	0	10	1	9	0.0	0.0	13.5	17.0
what does 16 body fat look like	0	0	0	10	9	1	0.0	0.0	9.6	15.666666666666666
what does 18 body fat look like	0	0	0	55	13	42	0.0	0.0	10.618181818181819	10.23076923076923
what does 18 body fat look like men	1	0	1	17	10	7	0.058823529411764705	0.0	9.176470588235293	11.0
what does 18 body fat look like on a man	0	0	0	38	22	16	0.0	0.0	8.868421052631579	9.454545454545455
what does 18 body fat look like on a woman	0	0	0	12	4	8	0.0	0.0	10.583333333333334	14.25
what does 18 percent bf look like	1	0	1	11	1	10	0.09090909090909091	0.0	9.272727272727273	3.0
what does 18 percent body fat look like on a man	0	0	0	10	4	6	0.0	0.0	9.3	10.25
what does 18% body fat look like	0	0	0	19	7	12	0.0	0.0	8.473684210526315	9.428571428571429
what does 18% body fat look like on a man	0	1	-1	9	10	-1	0.0	0.1	8.222222222222221	10.9
what does 20 body fat look like	0	0	0	10	9	1	0.0	0.0	20.4	19.88888888888889
what does 20 body fat look like on a man	0	0	0	12	3	9	0.0	0.0	13.166666666666666	24.333333333333332
what does 20 percent body fat look like	1	0	1	12	5	7	0.08333333333333333	0.0	13.666666666666666	25.0
what does 25 body fat look like	0	0	0	10	2	8	0.0	0.0	21.1	23.5
what does 25 body fat look like on a man	0	1	-1	38	34	4	0.0	0.029411764705882353	8.789473684210527	9.676470588235293
what does 28 body fat look like	0	0	0	10	3	7	0.0	0.0	20.8	20.0
what does 30 body fat look like	0	0	0	21	11	10	0.0	0.0	15.476190476190476	15.272727272727273
what does 33 body fat look like	0	0	0	12	2	10	0.0	0.0	2.166666666666667	6.0
what does 40 body fat look like	0	0	0	11	7	4	0.0	0.0	13.0	17.714285714285715
what does 40 body fat look like on a woman	0	0	0	32	1	31	0.0	0.0	7.5	26.0
what does 40 pounds of fat look like on a woman	0	0	0	17	0	17	0.0	0.0	6.411764705882353	
what does 8 body fat look like	0	0	0	17	8	9	0.0	0.0	10.647058823529411	12.125
what does 8 body fat look like on a man	0	0	0	13	5	8	0.0	0.0	7.538461538461538	13.0
what does 8 percent body fat look like	0	0	0	16	6	10	0.0	0.0	12.6875	9.833333333333334
what does 8% body fat look like	0	0	0	12	8	4	0.0	0.0	8.833333333333332	11.0
what does a dad bod look like	0	0	0	0	22	-22	0.0	0.0		10.454545454545455
what does body fat look like	0	0	0	4	13	-9	0.0	0.0	29.75	29.0
what each body fat percentage looks like	0	0	0	15	8	7	0.0	0.0	11.2	13.75
what features should i look for when choosing a body editor app?,	0	0	0	13	7	6	0.0	0.0	9.076923076923077	1.8571428571428572
what is a 35 waist in women's	0	0	0	13	0	13	0.0	0.0	7.846153846153846	
what is a good chest to waist ratio	0	0	0	14	1	13	0.0	0.0	5.857142857142857	7.0
what is a good shoulder to waist ratio	0	0	0	25	0	25	0.0	0.0	9.72	
what is an aesthetic physique	1	0	1	32	10	22	0.03125	0.0	7.6875	6.0
what is average bicep size for men	0	0	0	10	0	10	0.0	0.0	10.4	
what is average hip size for a woman	0	0	0	11	12	-1	0.0	0.0	8.818181818181818	4.583333333333334
what is considered broad shoulders on a woman	0	0	0	1	10	-9	0.0	0.0	3.0	9.2
what is long torso	0	0	0	15	1	14	0.0	0.0	10.6	30.0
what is shoulder to waist ratio	0	0	0	21	0	21	0.0	0.0	8.238095238095237	
what is spren	0	1	-1	23	35	-12	0.0	0.02857142857142857	10.0	9.971428571428572
what is the average arm size for a man	0	0	0	14	1	13	0.0	0.0	8.071428571428571	5.0
what is the average bicep size for a 14 year old	0	0	0	12	0	12	0.0	0.0	9.333333333333334	
what is the average bicep size for a 15 year old	0	0	0	17	1	16	0.0	0.0	7.882352941176471	11.0
what is the average bicep size for a man	1	0	1	28	1	27	0.03571428571428571	0.0	7.357142857142857	10.0
what is the average body fat percentage for males	0	0	0	1	30	-29	0.0	0.0	41.0	49.36666666666667
what is the average bodyfat percentage for females? question 87 options: 20 to 27 percent 25 to 31 percent 17 to 25 percent 14 to 19 percent	0	0	0	0	33	-33	0.0	0.0		8.454545454545453
what is the average chest size for a man	0	0	0	16	6	10	0.0	0.0	8.0625	6.5
what is the average hip size for a woman	0	0	0	39	39	0	0.0	0.0	13.153846153846153	4.794871794871795
what is the average male waist size	0	0	0	3	16	-13	0.0	0.0	25.0	8.375
what is the average shoulder to waist ratio for men	0	0	0	11	0	11	0.0	0.0	12.363636363636363	
what is the average waist size	0	0	0	8	10	-2	0.0	0.0	13.125	13.1
what is the average waist size for a 15-year-old female	0	0	0	10	8	2	0.0	0.0	7.7	8.75
what is the average waist size for a 16 year old girl	0	0	0	11	0	11	0.0	0.0	10.909090909090908	
what is the average waist size for a man	0	0	0	27	74	-47	0.0	0.0	9.814814814814815	8.14864864864865
what is the average waist size for a woman	0	0	0	24	32	-8	0.0	0.0	16.875	8.21875
what is the average waist size for men	0	0	0	6	10	-4	0.0	0.0	3.6666666666666665	10.8
what is the best ai personal trainer app?	0	0	0	33	14	19	0.0	0.0	7.363636363636363	9.928571428571429
what is the best ai-powered personal training app?	0	0	0	26	3	23	0.0	0.0	8.76923076923077	10.333333333333334
what is the best app for beginners to track body changes?	0	0	0	25	37	-12	0.0	0.0	6.64	6.918918918918919
what is the best app for someone who wants to look like a fitness model?	0	0	0	13	12	1	0.0	0.0	6.846153846153846	4.666666666666666
what is the best app for tracking body measurements alongside lifts?	0	0	0	16	16	0	0.0	0.0	8.875	8.375
what is the best automated personal trainer app?	0	0	0	10	3	7	0.0	0.0	5.8	3.0
what is the best body editor app?	0	0	0	13	3	10	0.0	0.0	9.153846153846153	9.666666666666666
what is the best body recomposition app for men?	0	0	0	39	31	8	0.0	0.0	7.871794871794871	8.419354838709676
what is the best free app for tracking body measurements?	0	0	0	11	12	-1	0.0	0.0	9.090909090909092	9.75
what is the best hybrid personal training app (ai + human)?	0	0	0	22	5	17	0.0	0.0	5.7727272727272725	9.4
what is the best shoulder to waist ratio	0	0	0	16	0	16	0.0	0.0	7.0	
what is the golden ratio of shoulder to waist	0	0	0	14	0	14	0.0	0.0	9.142857142857142	
what is the ideal shoulder to waist ratio	0	0	0	16	0	16	0.0	0.0	9.625	
what is the ideal shoulder to waist ratio for men	0	0	0	11	0	11	0.0	0.0	10.090909090909092	
what is the ideal shoulder width to waist ratio	0	0	0	61	5	56	0.0	0.0	10.40983606557377	12.0
what is the ideal size for a man	0	0	0	14	0	14	0.0	0.0	7.428571428571429	
what is the ideal thigh size for a woman	0	0	0	39	18	21	0.0	0.0	9.58974358974359	13.11111111111111
what is the most dependable personal trainer app available today?	0	0	0	10	4	6	0.0	0.0	9.9	11.0
what is the perfect size for a man	0	1	-1	27	6	21	0.0	0.16666666666666666	6.7407407407407405	11.166666666666666
what is the perfect size of a man	0	0	0	51	10	41	0.0	0.0	7.137254901960785	9.2
what would i look like skinny	0	0	0	11	0	11	0.0	0.0	20.818181818181817	
what's the average chest size for a man	0	0	0	15	5	10	0.0	0.0	8.666666666666668	7.4
what's the average hip size for a woman	0	0	0	29	14	15	0.0	0.0	8.206896551724139	2.857142857142857
what's the average waist size for a woman	0	0	0	11	40	-29	0.0	0.0	10.727272727272727	9.75
whats a good shoulder to waist ratio	0	0	0	15	0	15	0.0	0.0	6.6	
whats the average bicep size for a man	0	0	0	11	0	11	0.0	0.0	5.636363636363637	
whats the average waist size for a woman	0	0	0	10	5	5	0.0	0.0	6.5	7.2
whats the average waist size for men	0	0	0	11	16	-5	0.0	0.0	6.545454545454546	8.75
when do newbie gains stop	0	0	0	0	16	-16	0.0	0.0		9.375
where can i measure my body fat	0	0	0	0	28	-28	0.0	0.0		29.357142857142858
which ai is best for fitness coaching	0	0	0	12	6	6	0.0	0.0	7.083333333333333	7.0
which app acts most like a real personal trainer?	0	0	0	15	1	14	0.0	0.0	6.4	9.0
which app has the best before-and-after transformations for men?	0	0	0	36	56	-20	0.0	0.0	1.7777777777777777	2.196428571428571
which app has the best before-and-after transformations for women?	0	0	0	34	54	-20	0.0	0.0	2.6176470588235294	2.351851851851852
which app is best for body recomposition (lose fat, gain muscle) for women?	0	0	0	13	8	5	0.0	0.0	6.923076923076923	6.0
"which app is considered the ""gold standard"" for men's fitness?"	0	0	0	2	14	-12	0.0	0.0	1.0	7.285714285714286
which online coaching fitness platforms track body measurements using photo ai for progress reports?	0	0	0	34	37	-3	0.0	0.0	6.0	6.378378378378378
which personal trainer app receives the best reviews?	0	0	0	21	7	14	0.0	0.0	8.666666666666668	8.0
which personal training app is best for body recomposition?	0	0	0	34	25	9	0.0	0.0	7.588235294117647	7.6
why am i heavier than i look	0	0	0	39	14	25	0.0	0.0	7.051282051282051	6.357142857142857
why am i so much heavier than i look	0	0	0	10	1	9	0.0	0.0	5.8	1.0
why are my arms so skinny	0	0	0	0	18	-18	0.0	0.0		7.833333333333333
why are my arms so skinny compared to the rest of my body	0	0	0	0	35	-35	0.0	0.0		5.371428571428571
why are you skinnier in the morning	0	0	0	0	11	-11	0.0	0.0		7.636363636363637
why do i look bigger in pictures than the mirror	0	0	0	12	8	4	0.0	0.0	4.5	7.375
why do i look bigger in the mirror than on camera	0	0	0	18	0	18	0.0	0.0	6.888888888888889	
why do i look bigger on camera than in the mirror	0	0	0	22	1	21	0.0	0.0	7.318181818181818	6.0
why do i look fat in photos	0	0	0	16	5	11	0.0	0.0	9.1875	16.4
why do i look fat in pictures	1	0	1	34	7	27	0.029411764705882353	0.0	16.176470588235293	12.285714285714286
why do i look fat in pictures but not in the mirror	2	0	2	49	5	44	0.04081632653061224	0.0	7.551020408163265	6.4
why do i look fat on camera but not in the mirror	0	0	0	10	4	6	0.0	0.0	7.0	8.0
why do i look fatter in photos	0	0	0	13	0	13	0.0	0.0	9.461538461538462	
why do i look fatter in pictures	0	0	0	22	3	19	0.0	0.0	19.681818181818183	10.0
why do i look fatter in pictures than in the mirror	0	0	0	23	5	18	0.0	0.0	8.608695652173914	7.0
why do i look fatter on camera	0	0	0	15	5	10	0.0	0.0	8.933333333333334	9.4
why do i look fatter on camera than in the mirror	1	0	1	14	7	7	0.07142857142857142	0.0	7.5	8.428571428571429
why do i look heavier than i weigh	0	0	0	11	2	9	0.0	0.0	6.181818181818182	5.0
why do i look more muscular in the mirror	0	0	0	13	1	12	0.0	0.0	9.846153846153847	8.0
why do i look more muscular in the mirror than on camera	0	0	0	12	0	12	0.0	0.0	7.333333333333333	
why do i look skinnier in mirror than camera	0	0	0	10	2	8	0.0	0.0	4.9	3.0
why do i look skinnier in the mirror	0	0	0	10	0	10	0.0	0.0	7.5	
why do i look skinnier in the mirror than on camera	0	0	0	73	17	56	0.0	0.0	7.657534246575342	7.470588235294118
why do i look skinnier in the morning	0	0	0	1	17	-16	0.0	0.0	2.0	7.294117647058823
why do i look skinnier on camera than in the mirror	1	1	0	37	38	-1	0.02702702702702703	0.02631578947368421	5.405405405405405	5.868421052631579
why do i look skinny in mirror but fat on camera	0	0	0	18	2	16	0.0	0.0	8.277777777777779	7.0
why do i look skinny in the mirror but fat on camera	0	0	0	15	2	13	0.0	0.0	6.733333333333333	8.5
why do i look smaller in pictures	0	0	0	22	15	7	0.0	0.0	6.090909090909091	8.066666666666666
why do i look smaller in the mirror	0	0	0	10	8	2	0.0	0.0	8.5	8.0
why do i look smaller on camera	0	0	0	12	4	8	0.0	0.0	6.333333333333333	8.25
why do i look so fat in pictures	0	0	0	18	5	13	0.0	0.0	18.944444444444443	14.8
why do i look so fat in pictures but not in the mirror	0	0	0	12	5	7	0.0	0.0	8.25	7.6
why do i look so skinny on camera	0	0	0	15	0	15	0.0	0.0	5.666666666666667	
why do i look thinner in the mirror than on camera	0	0	0	21	17	4	0.0	0.0	6.619047619047619	6.117647058823529
why do i see abs only when i look in mirror	0	0	0	12	0	12	0.0	0.0	6.666666666666667	
why do i weigh more than i look	0	1	-1	127	43	84	0.0	0.023255813953488372	7.732283464566929	6.511627906976744
why do i weigh so much more than i look	0	1	-1	45	9	36	0.0	0.1111111111111111	7.044444444444444	5.888888888888889
why do i weight more than i look	0	0	0	19	4	15	0.0	0.0	7.421052631578948	1.25
why do my abs only show when i flex	0	0	0	10	3	7	0.0	0.0	4.4	4.333333333333334
why do my arms look fat on digi cam but skinny irl	0	0	0	52	3	49	0.0	0.0	8.76923076923077	10.333333333333334
why do my muscles look smaller on camera	0	0	0	21	17	4	0.0	0.0	6.238095238095238	6.117647058823529
why do some people weigh more than they look	0	0	0	13	3	10	0.0	0.0	9.153846153846153	7.666666666666667
why do things look smaller on camera	0	0	0	11	15	-4	0.0	0.0	7.454545454545454	7.133333333333334
why does my face look fat in pictures but not in the mirror	0	0	0	28	11	17	0.0	0.0	8.607142857142858	8.09090909090909
why does my physique look worse in pictures	0	0	0	20	1	19	0.0	0.0	7.05	1.0
why doesnt rate my face or rate my body have an app	0	0	0	10	1	9	0.0	0.0	5.5	5.0
why i weigh more than i look	0	0	0	11	1	10	0.0	0.0	8.0	10.0
why is my torso so long	0	0	0	10	0	10	0.0	0.0	6.1	
width of average man	0	0	0	29	5	24	0.0	0.0	34.86206896551724	23.2
width of man	0	0	0	27	1	26	0.0	0.0	25.62962962962963	33.0
width of woman	0	0	0	20	2	18	0.0	0.0	22.3	19.5
withings body scan	0	0	0	27	26	1	0.0	0.0	4.666666666666666	14.115384615384615
withings body scan review	0	0	0	62	12	50	0.0	0.0	19.887096774193548	17.5
withings vs inbody	0	0	0	18	20	-2	0.0	0.0	12.38888888888889	14.1
woman body measurements	0	0	0	10	2	8	0.0	0.0	17.4	17.0
women body fat percentage	0	0	0	1	10	-9	0.0	0.0	3.0	74.2
women body fat percentage chart	0	0	0	3	17	-14	0.0	0.0	25.666666666666668	46.1764705882353
women body fat percentage images	0	1	-1	12	3	9	0.0	0.3333333333333333	10.416666666666666	19.0
women fat percentage pictures	0	0	0	13	7	6	0.0	0.0	10.692307692307692	10.714285714285714
women hip size	0	0	0	0	11	-11	0.0	0.0		9.090909090909092
women waist size chart	0	0	0	13	13	0	0.0	0.0	43.30769230769231	38.23076923076923
women's average waist size	0	0	0	10	5	5	0.0	0.0	40.6	26.0
women's waist size	0	0	0	13	8	5	0.0	0.0	27.0	30.375
women's waist size in inches	0	0	0	23	9	14	0.0	0.0	23.08695652173913	18.555555555555557
women's waist sizes in inches	0	0	0	16	4	12	0.0	0.0	24.125	22.0
yes	0	2	-2	30	29	1	0.0	0.06896551724137931	3.2	4.689655172413794
zero tracking photo app	0	0	0	38	43	-5	0.0	0.0	9.473684210526315	16.86046511627907
zozofit	0	2	-2	23	24	-1	0.0	0.08333333333333333	2.0434782608695654	2.0
zozofit alternative	2	2	0	11	14	-3	0.18181818181818182	0.14285714285714285	4.636363636363637	2.2857142857142856
zozofit reviews	1	0	1	13	11	2	0.07692307692307693	0.0	5.538461538461538	3.5454545454545454
